n_unique_values,std_dev,max_relative_frequency,norm_entropy,min_value,max_value,range_value,shannon_entropy,simpson_index,skewness_probs,kurtosis_probs,dispersion_index,uniformity,top2_ratio,top3_ratio,variable,dataset,type
24753,7145.71994273495,4.0399143538157e-5,1,1,24753,24752,10.1167019727725,0.999959600856462,0,0,0,1,8.0798287076314e-5,1.2119743061447e-4,PROFAMMFR,SN217,S
11,1.29607934824726,0.284813961944007,0.675307334731484,1,12,11,1.61931626563869,0.779984930873015,0.590697062358078,-1.55443404715976,0.142016576039684,0.675307334731484,0.528945986345089,0.753282430412475,NCOMP,SN217,S
1,0,1,0,1,1,0,0,0,0,0,NA,0,1,1,ORDCOM,SN217,S
2,0.104061246342919,0.989051832101159,0.0870153306873858,1,2,1,0.0603144311314528,0.0216566110369987,0,0,0.956686777926003,0.0870153306873858,1,1,POSIND,SN217,N
1,0,1,0,1,1,0,0,0,0,0,NA,0,1,1,RELPAR,SN217,N
2,0.499824156419709,0.513634710944128,0.999463524067813,1,2,1,0.692775323780111,0.49962818931494,0,0,7.4362137011969e-4,0.999463524067813,1,1,SESSO,SN217,N
12,3.24582938502499,0.139659839211409,0.970097795567909,7,18,11,2.41060246315138,0.905151266834835,0.0928256785870513,-0.533324617196177,0.0125622543619982,0.970097795567909,0.273542600896861,0.371429725689815,ETAM,SN217,O
31,8.82944063310385,0.0409185293758397,0.997840738610574,1,31,30,3.42657232850272,0.967314988952846,-2.05786770446577,8.39741405461603,4.4117808205872e-4,0.997840738610574,0.0769919791539432,0.112169699930785,GNASC,SN217,S
12,3.457127216316,0.0931906931337455,0.99944493169892,1,12,11,2.48352735687556,0.916434871643252,0.479187257675175,-0.469681995261354,2.5286729827046e-4,0.99944493169892,0.181540839570452,0.266921575008135,MNASC,SN217,O
3,0.614709784790098,0.530647061212884,0.829149813702556,1,3,2,0.910914174480502,0.562517521897853,-0.218210548336704,-2.33333333333333,0.156223717153221,0.829149813702556,0.916568504000975,1,LUONA,SN217,N
3,0.538924463846449,0.838723440566601,0.498660485098163,1,3,2,0.547834536802043,0.282624098171186,0.380782859932914,-2.33333333333333,0.576063852743221,0.498660485098163,0.940737264271695,1,LIMITA,SN217,O
6,1.44821486532643,0.539530561952087,0.672376652297477,1,6,5,1.20473723364186,0.615895909257279,0.827909119529765,-1.17547770941097,0.260924908891265,0.672376652297477,0.826687674221307,0.917343352320931,STCIV,SN217,N
7,2.64242935471494,0.471256009372601,0.751319476189739,1,8,7,1.46200019390053,0.69641698897563,1.0267520616606,-0.566361637477893,0.187513512861765,0.751319476189739,0.707914192219125,0.845230881105321,CONDM,SN217,N
6,1.87488705886025,0.364885064436634,0.80463947856096,1,6,5,1.44172040502633,0.734554838070487,0.142415254433265,-1.86721034793648,0.118534194315415,0.80463947856096,0.636165313295358,0.84830121601422,REDPR,SN217,N
12,2.83469542761986,0.159854952028405,0.949294951014609,1,12,11,2.35890933638638,0.897013631046447,0.0653761487641661,-1.37096560423503,0.0214396752220578,0.949294951014609,0.281408174057566,0.392233889854197,MMATR,SN217,O
74,16.2149130314493,0.0224491328177791,0.955388199001368,1941,2016,75,4.11205299778099,0.982854331000615,-0.844248085141635,-0.828714264343679,0.00368191104047241,0.955388199001368,0.0448982656355582,0.0656956227945041,AMATR,SN217,S
3,0.68253580153003,0.972295020591539,0.125661289793967,1,6,5,0.138053037177536,0.0540632255063994,0.38434783049263,-2.33333333333333,0.918905161740401,0.125661289793967,0.996031448895545,1,STCPM,SN217,N
3,0.96093287726735,0.483698945582354,0.824972244925857,1,3,2,0.906324646085664,0.565560822165674,-0.369661132819356,-2.33333333333333,0.151658766751488,0.824972244925857,0.925140387023795,1,CONDOGG,SN217,N
8,2.57394254964273,0.483698945582354,0.713001230455036,1,8,7,1.48264437787704,0.690184119084434,1.25441974921008,0.0686705000595005,0.211218149617789,0.713001230455036,0.715872823496142,0.843251323071951,NEWCOND,SN217,N
5,1.30592153105844,0.29131822405365,0.966288211064429,1,5,4,1.55518088122522,0.779576245544496,-0.13424426796715,-1.65418274280017,0.0255296930693798,0.966288211064429,0.525916050579728,0.727224982830364,RIP,SN217,N
3,0.734678409594245,0.447056922393245,0.936111400762499,1,3,2,1.02842348844,0.624439421489161,-0.303242367575661,-2.33333333333333,0.0633408677662588,0.936111400762499,0.830363996283279,1,DOMM,SN217,N
2,0.228346068378875,0.944814769926878,0.308027848126816,1,2,1,0.21350863446305,0.104279640909798,0,0,0.791440718180404,0.308027848126816,1,1,CITT,SN217,N
2,0.264186973349846,0.924509208662214,0.386087913268262,1,2,1,0.267615748530169,0.139583863521962,0,0,0.720832272956077,0.386087913268262,1,1,PENDO,SN217,N
82,92.2024105362479,0.100219058050383,0.737504761287763,9,320,311,3.24997642651582,0.944575074169025,2.24724630926779,3.97944863774595,0.0437635051622216,0.737504761287763,0.188937568455641,0.264512595837897,PENGIOM,SN217,S
1,0,1,0,1,1,0,0,0,0,0,NA,0,1,1,PENLAV,SN217,N
1,0,1,0,2,2,0,0,0,0,0,NA,0,1,1,PENSTU,SN217,N
1,0,1,0,3,3,0,0,0,0,0,NA,0,1,1,PENSAL,SN217,N
1,0,1,0,4,4,0,0,0,0,0,NA,0,1,1,PENCON,SN217,N
1,0,1,0,5,5,0,0,0,0,0,NA,0,1,1,PENGEN,SN217,N
1,0,1,0,6,6,0,0,0,0,0,NA,0,1,1,PENFIG,SN217,N
1,0,1,0,7,7,0,0,0,0,0,NA,0,1,1,PENFRA,SN217,N
1,0,1,0,8,8,0,0,0,0,0,NA,0,1,1,PENPAR,SN217,N
1,0,1,0,9,9,0,0,0,0,0,NA,0,1,1,PENAMI,SN217,N
1,0,1,0,10,10,0,0,0,0,0,NA,0,1,1,PENINT,SN217,N
1,0,1,0,11,11,0,0,0,0,0,NA,0,1,1,PENCOM,SN217,N
1,0,1,0,12,12,0,0,0,0,0,NA,0,1,1,PENALT,SN217,N
6,1.37592884709877,0.355591748099891,0.895866056320613,1,6,5,1.60517648957245,0.772634192405224,0.503666893382076,-1.136379031768,0.0728389691137307,0.895866056320613,0.56786102062975,0.723669923995657,PENOVE,SN217,N
1,0,1,0,1,1,0,0,0,0,0,NA,0,1,1,ABIALB,SN217,N
1,0,1,0,2,2,0,0,0,0,0,NA,0,1,1,ABICAM,SN217,N
1,0,1,0,3,3,0,0,0,0,0,NA,0,1,1,ABIAFF,SN217,N
1,0,1,0,4,4,0,0,0,0,0,NA,0,1,1,ABIABI,SN217,N
1,0,1,0,5,5,0,0,0,0,0,NA,0,1,1,ABICON,SN217,N
1,0,1,0,6,6,0,0,0,0,0,NA,0,1,1,ABIGEN,SN217,N
1,0,1,0,7,7,0,0,0,0,0,NA,0,1,1,ABIPAR,SN217,N
1,0,1,0,8,8,0,0,0,0,0,NA,0,1,1,ABIAM,SN217,N
1,0,1,0,9,9,0,0,0,0,0,NA,0,1,1,ABIIST,SN217,N
1,0,1,0,10,10,0,0,0,0,0,NA,0,1,1,ABICAS,SN217,N
1,0,1,0,11,11,0,0,0,0,0,NA,0,1,1,ABIALT,SN217,N
1,0,1,0,2,2,0,0,0,0,0,NA,0,1,1,CONCON,SN217,N
1,0,1,0,3,3,0,0,0,0,0,NA,0,1,1,CONPA,SN217,N
1,0,1,0,4,4,0,0,0,0,0,NA,0,1,1,CONGEN,SN217,N
1,0,1,0,5,5,0,0,0,0,0,NA,0,1,1,CONFIG,SN217,N
1,0,1,0,6,6,0,0,0,0,0,NA,0,1,1,CONSUO,SN217,N
1,0,1,0,7,7,0,0,0,0,0,NA,0,1,1,CONPAR,SN217,N
1,0,1,0,8,8,0,0,0,0,0,NA,0,1,1,CONSTU,SN217,N
1,0,1,0,9,9,0,0,0,0,0,NA,0,1,1,CONAMI,SN217,N
1,0,1,0,1,1,0,0,0,0,0,NA,0,1,1,MANLEI,SN217,N
1,0,1,0,2,2,0,0,0,0,0,NA,0,1,1,MANFAM,SN217,N
1,0,1,0,3,3,0,0,0,0,0,NA,0,1,1,MANOSP,SN217,N
1,0,1,0,4,4,0,0,0,0,0,NA,0,1,1,MANBOR,SN217,N
1,0,1,0,5,5,0,0,0,0,0,NA,0,1,1,MANDAT,SN217,N
1,0,1,0,6,6,0,0,0,0,0,NA,0,1,1,MANALT,SN217,N
5,0.902767971689904,0.48461696446909,0.785194990685289,1,5,4,1.26372258666224,0.667465243940428,0.484828982947512,-1.54423572937802,0.165668445074465,0.785194990685289,0.705812281782707,0.915259806941877,SALUTE,SN217,O
2,0.413314864376155,0.781385921202652,0.757628765086207,1,2,1,0.525148242430618,0.34164392669787,0,0,0.31671214660426,0.757628765086207,1,1,MALCRO,SN217,N
2,0.316496001300072,0.887084393810851,0.508648149596272,1,2,1,0.352568030789689,0.200331344136172,0,0,0.599337311727657,0.508648149596272,1,1,FRASOR,SN217,N
7,1.76350464384448,0.362236997905092,0.846845394776612,1,7,6,1.64788504837656,0.764187418020447,0.722554899141257,-1.33695625838271,0.108448012309478,0.846845394776612,0.628290372529374,0.766873121413608,NFRASORM,SN217,S
2,0.216448401662696,0.950724109663904,0.283312992382616,1,2,1,0.196377601886012,0.0936955539353623,0,0,0.812608892129275,0.283312992382616,1,1,FRAT,SN217,N
7,1.55080421143074,0.407214025675417,0.78549033615571,1,7,6,1.52849361711027,0.727540627949353,0.758184054902086,-1.25409190292228,0.151202600725754,0.78549033615571,0.688158651082583,0.825445487641311,NFRATM,SN217,S
2,0.294065704195005,0.904387813757425,0.45493018949089,1,2,1,0.31533357819721203,0.172940992168981,0,0,0.654118015662039,0.45493018949089,1,1,FRALON,SN217,N
7,1.58063093235967,0.398463983050847,0.798003006278086,1,7,6,1.55284214889318,0.735394249587044,0.745528495538589,-1.26577197920414,0.142040042148449,0.798003006278086,0.674417372881356,0.815360169491525,NFRALOM,SN217,S
7,0.957256271832372,0.4697449375784,0.645176774467472,1,7,6,1.25545603337103,0.66099405361246,0.729591438647047,-1.24833401133956,0.228840270785463,0.645176774467472,0.767218206797682,0.933397049160743,NFIGLI2M,SN217,S
4,0.852378758633328,0.471659554006131,0.860354393688663,1,4,3,1.19270444453532,0.657947418569506,0.194420561614218,-2.04090672769395,0.122736775240658,0.860354393688663,0.76750616096652,0.933942417503156,NFIGPRM,SN217,S
2,0.432528488036622,0.753246753246753,0.806091469619222,1,2,1,0.558740029439987,0.371732163939956,0,0,0.256535672120088,0.806091469619222,1,1,NFIGADM,SN217,N
2,0.499200697349217,0.528522788363897,0.997651317653592,1,2,1,0.691519198013502,0.498372901087897,0,0,0.00325419782420664,0.997651317653592,1,1,FIGLON,SN217,N
4,0.865809559019488,0.405628390596745,0.841866479725558,1,4,3,1.16707475365939,0.652187083073095,-0.0538918120812387,-2.37551723435335,0.130417222569207,0.841866479725558,0.808318264014467,0.94122965641953,NFIGLOM,SN217,S
2,0.465716438980086,0.681986882912197,0.902207695283371,1,2,1,0.625362720265155,0.433761548895805,0,0,0.132476902208391,0.902207695283371,1,1,NIPOTI,SN217,N
8,1.96359138673909,0.274947774385345,0.884940959618495,1,8,7,1.84018299336472,0.81533989973436,0.448749941665747,-1.57871112486216,0.0681829717321599,0.884940959618495,0.510846858428411,0.670737586373132,NNIPOTM,SN217,S
2,0.171194382415691,0.969784172661871,0.195473069200903,1,2,1,0.135491606792005,0.0586056622328035,0,0,0.882788675534393,0.195473069200903,1,1,NIPLON,SN217,N
8,1.95700253092774,0.279250911501492,0.883700560201891,1,8,7,1.83760365528955,0.814642668454056,0.463385051410026,-1.5340536188292,0.068979807481079,0.883700560201891,0.511766655618164,0.669705004971826,NNIPLOM,SN217,S
6,1.92031624743096,0.401830181803458,0.842184569206044,1,13,12,1.50899217671268,0.740970179993023,0.548817654181842,-1.19406916744291,0.110835784008373,0.842184569206044,0.600194355589748,0.780783091063692,TITMAD2M,SN217,O
6,2.0696336646692,0.381920995891135,0.869079612882007,1,13,12,1.55718162589439,0.755462796450612,0.541253098267729,-1.20563478260268,0.0934446442592653,0.869079612882007,0.586631951507262,0.748871079288882,TITPAD2M,SN217,O
9,1.75138703805697,0.557250050699655,0.421798489170602,0,9,9,0.926786007088933,0.535626640952794,1.23229508557896,-0.343576152519881,0.397420028928107,0.421798489170602,0.948651389170554,0.967471101196512,CONMADM,SN217,N
9,1.89673613434387,0.892584780139542,0.233027355507061,0,9,9,0.512013432711778,0.200524400416412,2.06642800813298,2.60904100972985,0.774410049531536,0.233027355507061,0.930512737303261,0.95793444750933,CONPA2M,SN217,N
4,1.22043427388826,0.364082228947094,0.955400369029953,1,4,3,1.32446614419809,0.720891979212598,-0.105636660146704,-1.92466925123449,0.0388106943832031,0.955400369029953,0.637796097255557,0.873839090055306,ATEMAD2M,SN217,N
4,1.08106484913448,0.324391137154367,0.989270656608268,1,4,3,1.37142033287741,0.742191844713597,0.632881473249016,-1.77388752797103,0.0104108737152034,0.989270656608268,0.565693096502472,0.787355795641824,ATEPAD2M,SN217,N
6,0.822388929894203,0.800774375219993,0.398844078131658,1,6,5,0.714632653737933,0.343009988129517,1.31334823481058,-0.163766663386015,0.588388014244579,0.398844078131658,0.906370996128124,0.969376979936642,DIPMAD,SN217,O
6,1.0314848499705,0.707102272727273,0.528862369998824,1,6,5,0.947594159363784,0.467450566567665,1.23976157407381,-0.296322630982397,0.439059320118802,0.528862369998824,0.863920454545455,0.94375,DIPPAD,SN217,O
40,19417.2237461167,0.177383592017738,0.777403366365069,11000,93000,82000,2.86774730574311,0.920323303583113,2.13237680412489,4.8548419469715,0.0560786629916786,0.777403366365069,0.277689789884912,0.365114560236511,CODPROM,SN217,N
41,18940.1334741314,0.172087711283691,0.830886655230645,11000,93000,82000,3.0855574734619,0.932433428407038,2.69181823863489,8.46520207156349,0.0442557358827862,0.830886655230645,0.285838282320694,0.344084056646871,CODPROP,SN217,N
2,0.156504856089088,0.974876019508996,0.169315764099546,1,2,1,0.117360744509953,0.0489855321905828,0,0,0.902028935618834,0.169315764099546,1,1,GENSPO,SN217,N
104,17.4912332003655,0.0252022095087789,0.915033384387047,1874,1979,105,4.24977272285773,0.9842550199241,0.0910172768343066,-1.54606647524945,0.00618910609605388,0.915033384387047,0.0475438942592227,0.0690471493391201,MADAA,SN217,S
113,17.9640792329659,0.0228770476369799,0.905370153994281,1858,1979,121,4.28003583741828,0.984597203801179,0.228712996259106,-1.51321636887811,0.00661174973631031,0.905370153994281,0.0452363020146865,0.066842402560723,PADAA,SN217,S
7,1.86256946098645,0.226096973505079,0.971707555269768,1,7,6,1.89085559371317,0.840886906598274,0.443977250639096,-1.63253944466661,0.0189652756353465,0.971707555269768,0.422033720808462,0.578804063252697,ABIMAD,SN217,N
7,1.88793337676366,0.205420827389444,0.976420186639059,1,7,6,1.90002595092343,0.844039552219063,0.188062648066447,-1.80734744059086,0.0152871890777593,0.976420186639059,0.40413694721826,0.561340941512126,ABIPAD,SN217,N
6,1.55520773747541,0.359324507453351,0.868690207715198,1,6,5,1.55648390549939,0.755787139300697,0.422820393650474,-1.67993953454889,0.0930554328391642,0.868690207715198,0.629730011466694,0.7828625039091,VEDMAD,SN217,O
6,1.68805130360143,0.316555916866959,0.921909019382252,1,6,5,1.6518392152449,0.785289656379616,0.424993385496223,-1.76602240275392,0.0576524123444608,0.921909019382252,0.56637918846317,0.733069418917008,VEDPAD,SN217,O
6,1.60885143757544,0.423767752715121,0.80530037362005,1,6,5,1.44290457000662,0.710570590706787,0.626243990039225,-1.56287931685775,0.147315291151856,0.80530037362005,0.717940685045948,0.821428571428571,TELMAD,SN217,O
6,1.68246019031707,0.341594674975216,0.865462258007532,1,6,5,1.55070019604449,0.750973194302243,0.441036534563879,-1.92191696055644,0.0988321668373089,0.865462258007532,0.656705849029882,0.779776235660671,TELPAD,SN217,O
6,1.1098625780879,0.902850555439111,0.260200675973663,1,6,5,0.466217025075351,0.182640056046713,1.35926048905784,-0.0858938378203709,0.780831932743944,0.260200675973663,0.931880108991826,0.960490463215259,INTMAD,SN217,O
6,1.13983656466265,0.88613932198541,0.296088452502722,1,6,5,0.530519288500834,0.211858674130364,1.35932005623661,-0.0857871191491641,0.745769591043564,0.296088452502722,0.919610928336433,0.947503933628951,INTPAD,SN217,O
6,1.82462983033092,0.740431380841616,0.512131262252282,1,6,5,0.917616038628243,0.43077230377919,1.30485291126867,-0.17691454154909,0.483073235464972,0.512131262252282,0.841192641150349,0.938781983506027,MESMAD,SN217,O
6,1.82244781002955,0.703671953136162,0.576921417368597,1,6,5,1.03370441257065,0.481180041620462,1.308822871077,-0.17026946161474,0.422583950055445,0.576921417368597,0.812116016573796,0.906129447063866,MESPAD,SN217,O
3,0.732203590573078,0.612798965740142,0.839927698866711,1,3,2,0.922754891567696,0.544495695946321,0.314968749677273,-2.33333333333333,0.183256456080518,0.839927698866711,0.856496444731739,1,LIMIMAD,SN217,O
3,0.673237581466075,0.689675516224189,0.744627840674989,1,3,2,0.818057296249942,0.471197039705537,0.341070380552956,-2.33333333333333,0.293204440441695,0.744627840674989,0.894837758112094,1,LIMIPAD,SN217,O
6,1.06305102795545,0.409675704412547,0.77516268725638,1,6,5,1.38890508508388,0.704840599396127,0.433033490589625,-1.77234266056384,0.154191280724648,0.77516268725638,0.720680489101542,0.866241360978203,VIVMAD,SN217,N
6,1.04290302499629,0.569378676998135,0.659235930517828,1,6,5,1.18119222096069,0.607569372108747,0.973990061170653,-0.737876801614088,0.270916753469504,0.659235930517828,0.758932414980628,0.932845458458889,VIVPAD,SN217,N
4,0.344984234673643,0.953659070990359,0.165122050787716,1,4,3,0.228907767903562,0.0895411379765125,0.749056393697855,-1.68813242457257,0.880611816031317,0.165122050787716,0.981485539000876,0.995617879053462,PERMA,SN217,N
4,0.256086107116698,0.973461650627005,0.104719782044166,1,4,3,0.145172443345531,0.0520353262928748,0.749670282924732,-1.68772014875958,0.930619564942834,0.104719782044166,0.989647127442403,0.998104403616215,PERPA,SN217,N
1,0,1,0,1,1,0,0,0,0,0,NA,0,1,1,SPEGEN,SN217,N
1,0,1,0,2,2,0,0,0,0,0,NA,0,1,1,SPEIO,SN217,N
1,0,1,0,3,3,0,0,0,0,0,NA,0,1,1,SPEFRA,SN217,N
1,0,1,0,4,4,0,0,0,0,0,NA,0,1,1,SPEALT,SN217,N
2,0.497323380115364,0.551872950112204,0.992221995910873,1,2,1,0.687755878955183,0.494618394093314,0,0,0.010763211813373,0.992221995910873,1,1,NONNI,SN217,N
5,0.912843271741313,0.492924985462299,0.723901888931899,1,5,4,1.16507514492966,0.642133141483646,0.388745746481058,-1.78806283335322,0.197333573145442,0.723901888931899,0.791820120178329,0.940492343477418,NNONNI,SN217,S
2,0.101461452091206,0.98959938366718,0.0834374218979782,1,2,1,0.0578344137417742,0.0205848870254344,0,0,0.958830225949131,0.0834374218979782,1,1,NLON,SN217,N
5,0.909951469269194,0.495004897159647,0.721384888928684,1,5,4,1.16102418969889,0.640053950295508,0.395111909514211,-1.79144652514086,0.199932562130615,0.721384888928684,0.79588638589618,0.940646425073457,NONLON,SN217,S
6,0.967715328432085,0.508558917197452,0.721057918341672,0,5,5,1.29196235305056,0.658506366891152,0.856497001996818,-0.994306089290849,0.209792359730618,0.721057918341672,0.756966560509554,0.856886942675159,VEDNON,SN217,S
6,1.0019717774488,0.472564612326044,0.749167725557209,0,5,5,1.34232836630717,0.686113616511666,0.726748177362186,-1.11518934943173,0.176663660186001,0.749167725557209,0.707952286282306,0.867992047713718,TELNON,SN217,S
1,0,1,0,1,1,0,0,0,0,0,NA,0,1,1,INTFIG,SN217,N
1,0,1,0,2,2,0,0,0,0,0,NA,0,1,1,INTORF,SN217,N
1,0,1,0,3,3,0,0,0,0,0,NA,0,1,1,INTFRA,SN217,N
1,0,1,0,4,4,0,0,0,0,0,NA,0,1,1,INTCUG,SN217,N
1,0,1,0,5,5,0,0,0,0,0,NA,0,1,1,INTNNON,SN217,N
1,0,1,0,6,6,0,0,0,0,0,NA,0,1,1,INTNZIO,SN217,N
1,0,1,0,7,7,0,0,0,0,0,NA,0,1,1,INTCON,SN217,N
1,0,1,0,8,8,0,0,0,0,0,NA,0,1,1,INTPART,SN217,N
1,0,1,0,9,9,0,0,0,0,0,NA,0,1,1,INTNUGE,SN217,N
1,0,1,0,10,10,0,0,0,0,0,NA,0,1,1,INTGEN,SN217,N
1,0,1,0,11,11,0,0,0,0,0,NA,0,1,1,INTZIO,SN217,N
1,0,1,0,12,12,0,0,0,0,0,NA,0,1,1,INTSUO,SN217,N
1,0,1,0,13,13,0,0,0,0,0,NA,0,1,1,INTNON,SN217,N
1,0,1,0,14,14,0,0,0,0,0,NA,0,1,1,INTBIS,SN217,N
2,0.499010658814438,0.531598362317078,0.997117142784645,1,2,1,0.691148936209165,0.498003086997757,0,0,0.00399382600448537,0.997117142784645,1,1,PARENT,SN217,N
7,1.68292211149531,0.321701477330616,0.846501609898369,1,7,6,1.6472160738929,0.767722608449904,0.562354301622212,-1.70229015635203,0.104323623475111,0.846501609898369,0.627865511971472,0.767447784004075,NZIIM,SN217,S
7,1.65178068473814,0.383832335329341,0.809431758014176,1,7,6,1.57508147288747,0.742225250098605,0.723234068843303,-1.37203541817919,0.134070541551627,0.809431758014176,0.67125748502994,0.795808383233533,NZIACOM,SN217,S
12,3.06274932449897,0.252115059221658,0.831090273376512,1,12,11,2.06518174688742,0.843237787053977,0.86813510802731,-0.751249366594814,0.0801042323047528,0.831090273376512,0.46256345177665,0.615693739424704,NCUGM,SN217,S
10,2.51488531339741,0.269712140175219,0.843709786862619,1,10,9,1.94271357804305,0.826979437688851,0.678811261292434,-1.13858011425071,0.0811339581234992,0.843709786862619,0.493116395494368,0.645181476846058,NNIPM,SN217,S
2,0.493415826453305,0.582101806239737,0.980462073016886,1,2,1,0.679604521557614,0.486518586824345,0,0,0.0269628263513095,0.980462073016886,1,1,NSUOCM,SN217,N
3,0.736937343472561,0.491379310344828,0.919333859792041,1,3,2,1.00999147575622,0.61153983353151,-0.0892740463316953,-2.33333333333333,0.0826902497027348,0.919333859792041,0.839655172413793,1,NNUOM,SN217,S
6,1.39909585635913,0.39289761994711,0.814007012880353,1,6,5,1.45850477334642,0.719347690159391,0.492269712015758,-1.82240170713843,0.136782771808731,0.814007012880353,0.708349074423876,0.840952021156026,NCOGNM,SN217,S
2,0.450225168890748,0.72972972972973,0.841852189756321,1,2,1,0.58352747177781,0.394448502556611,0,0,0.211102994886779,0.841852189756321,1,1,NCONIM,SN217,N
2,0.488851529529351,0.631578947368421,0.949452015387949,1,2,1,0.658109987543114,0.465373961218837,0,0,0.0692520775623269,0.949452015387949,1,1,NFIGLM,SN217,S
8,1.78675778150128,0.379018612521151,0.734522408255123,1,8,7,1.52739640902042,0.729498598549592,0.77058804653981,-1.29458108492166,0.166287315943324,0.734522408255123,0.692047377326565,0.839255499153976,NALTM,SN217,S
10,2.46718052729647,0.296111471160078,0.816390229055107,1,10,9,1.87980797148828,0.820395321164845,0.701724303763768,-0.685040214446813,0.0884496431501722,0.816390229055107,0.493065456902139,0.629423201555412,NAMICIM,SN217,S
6,1.15641096201631,0.39488854727133,0.816445298653182,1,6,5,1.46287359496857,0.738649503863515,0.381780729896,-1.31277219583655,0.113620595363782,0.816445298653182,0.606968998206508,0.777094542659493,FREAMI,SN217,O
3,0.800803614164097,0.473310479921645,0.95762632343153,1,3,2,1.05206004687394,0.634789792659728,0.254270206369762,-2.33333333333333,0.0478153110104073,0.95762632343153,0.771914789422135,1,VICINI,SN217,N
2,0.498700202252765,0.536170212765957,0.996221790132343,1,2,1,0.690528325042615,0.497383431416931,0,0,0.00523313716613852,0.996221790132343,1,1,URGE,SN217,N
8,1.81413284130634,0.354129583481666,0.797541665777475,1,8,7,1.65844127103822,0.766921687030233,0.734285625405822,-1.1675734509317,0.123518071965448,0.797541665777475,0.618280526877892,0.771181915272339,NURGEM,SN217,S
5,1.16238009124983,0.387754271765663,0.918246675154364,1,5,4,1.47786101195999,0.745312696755451,0.548431440991142,-1.38015770922645,0.0683591290556864,0.918246675154364,0.591537835638731,0.783726606997559,OPMATR,SN217,O
5,1.03851832360988,0.525304344285656,0.812600652277307,1,5,4,1.30783029744378,0.659306199900255,0.906751643248624,-1.0848343048605,0.175867250124681,0.812600652277307,0.692032083384227,0.828508611212899,OPCONV,SN217,O
5,1.14726748701958,0.335768806890077,0.910352465499674,1,5,4,1.46515577165303,0.745680792358425,0.0337703079269161,-2.13291058360212,0.0678990095519684,0.910352465499674,0.632148250949018,0.828931793134414,OPSOLA,SN217,O
5,0.974832490405936,0.481355654700995,0.822703802578864,1,5,4,1.32409069057412,0.681641557367773,0.651784051095881,-1.35934712724715,0.147948053290284,0.822703802578864,0.705619909131841,0.846833940485449,OPREAD,SN217,O
5,0.998802081879209,0.341975459622518,0.867589790896646,1,5,4,1.39633190190984,0.724646895427205,-0.0831737308581173,-2.19607717126567,0.0941913807159942,0.867589790896646,0.662590192001957,0.883575883575884,OPVIA,SN217,O
5,0.926053855380667,0.534271151885831,0.778466875070906,1,5,4,1.25289410231322,0.644648630607433,0.799662507535749,-1.19644874069779,0.194189211740709,0.778466875070906,0.715677879714577,0.878776758409786,OPDIV,SN217,O
5,0.894550484138971,0.465682476244851,0.808205402055789,1,5,4,1.30075641510263,0.679483897404701,0.43298059632768,-1.64475111664479,0.150645128244124,0.808205402055789,0.706374128298193,0.910607234615228,OPMAD,SN217,O
5,1.00640742983857,0.422526598997187,0.855101910252295,1,5,4,1.37623343335486,0.710663884400837,0.353802854826478,-1.68108724027906,0.111670144498954,0.855101910252295,0.681627328686152,0.856141209082386,OPCURE,SN217,O
5,1.04172536143639,0.329431915500999,0.873407042226125,1,5,4,1.40569440674566,0.730691259407288,-0.226770240116252,-2.19515121848023,0.0866359257408902,0.873407042226125,0.623057787202806,0.882508869948208,OPCASA,SN217,O
5,1.20107787342764,0.393241919686582,0.926369661347962,1,5,4,1.49093445390215,0.747220789287409,0.77549413903987,-1.26260339610289,0.0659740133907392,0.926369661347962,0.588108063989553,0.773996082272282,OPUNCIV,SN217,O
5,0.897622952563441,0.51748394748681,0.7765530247928,1,5,4,1.24981387911691,0.649963551728802,0.682014722130291,-1.38498077064495,0.187545560338998,0.7765530247928,0.75424318023802694,0.868553433397407,OPREAU,SN217,O
5,1.22808252528521,0.364533224622911,0.935614919448441,1,5,4,1.5058141227993,0.757009673421681,0.51340760371685,-1.4243263590801,0.0537379082228987,0.935614919448441,0.583041174072564,0.754545454545455,OPGEN,SN217,O
5,0.852624125481589,0.579525053043904,0.712825655163882,1,5,4,1.14724863437643,0.599358662299749,0.811580904753315,-1.22715130980709,0.250801672125314,0.712825655163882,0.787253141831239,0.910192590174637,OPLAV,SN217,O
5,0.951072347480707,0.465375103050289,0.799269551945155,1,5,4,1.28637471915475,0.677981142052062,0.420194571556726,-1.64978069214884,0.152523572434923,0.799269551945155,0.727081615828524,0.899134377576257,OPMAPA,SN217,O
5,1.11849490198159,0.317178090048753,0.926819241346813,1,5,4,1.49165802499697,0.754846523555976,0.0540731632221543,-2.16047485612119,0.0564418455550301,0.926819241346813,0.616903601130731,0.804088655823672,OPITA,SN217,O
5,1.019821876373,0.333210994209281,0.876281429619261,1,5,4,1.41032055479119,0.72851958897061,-0.0594520947480186,-2.20070523894397,0.0893505137867376,0.876281429619261,0.660182693091917,0.873582905146399,OPCULT,SN217,O
5,1.10318827490812,0.356044852191641,0.913673248139214,1,5,4,1.47050036513206,0.747308198898334,0.150756445269356,-1.83355457308371,0.065864751377082,0.913673248139214,0.623893985728848,0.799306829765545,OPTER,SN217,O
4,0.8128556423357,0.42635911647241,0.807254257795007,1,4,3,1.11909202557124,0.635234422701248,-0.065365066082011,-2.35494293836563,0.15302076973167,0.807254257795007,0.832300921020458,0.961610563208085,ESTRELM,SN217,O
4,0.851990772051645,0.39984465701905,0.853854830941629,1,4,3,1.18369413734936,0.665352743087493,-0.190134530326126,-2.20925528543441,0.112863009216676,0.853854830941629,0.774303000572316,0.954541738206197,ESTRELI,SN217,O
3,0.573570805702387,0.57422798011896,0.773981408677351,1,3,2,0.850305486773592,0.531220343662038,-0.132487961750157,-2.33333333333333,0.203169484506942,0.773981408677351,0.942679051576632,1,CAMCLI,SN217,O
7,42.6938131337714,0.463372582001682,0.650840651096526,0,99,99,1.2664774283865,0.668524242053418,0.679368818292633,-1.27572786087914,0.220055050937679,0.650840651096526,0.728889823380992,0.940706476030277,NUMIDFIG,SN217,S
2,0.246145967600301,0.935217903415783,0.346142568317038,1,2,1,0.239927745300733,0.12117075309274,0,0,0.75765849381452,0.346142568317038,1,1,CURAVEC,SN217,N
3,0.874290439590246,0.488917036098797,0.943370822560418,1,3,2,1.03639877843582,0.624897472807482,0.171231739814133,-2.33333333333333,0.0626537907887765,0.943370822560418,0.796706776440785,1,FREQCURA,SN217,O
1,0,1,0,1,1,0,0,0,0,0,NA,0,1,1,AIUECO,SN217,N
1,0,1,0,2,2,0,0,0,0,0,NA,0,1,1,AIUSAN,SN217,N
1,0,1,0,3,3,0,0,0,0,0,NA,0,1,1,AIUASS,SN217,N
1,0,1,0,4,4,0,0,0,0,0,NA,0,1,1,AIUACC,SN217,N
1,0,1,0,5,5,0,0,0,0,0,NA,0,1,1,AIUDOM,SN217,N
1,0,1,0,6,6,0,0,0,0,0,NA,0,1,1,AIUCOM,SN217,N
1,0,1,0,7,7,0,0,0,0,0,NA,0,1,1,AIUBUR,SN217,N
1,0,1,0,8,8,0,0,0,0,0,NA,0,1,1,AIULAV,SN217,N
1,0,1,0,9,9,0,0,0,0,0,NA,0,1,1,AIUSTU,SN217,N
1,0,1,0,10,10,0,0,0,0,0,NA,0,1,1,AIUCIB,SN217,N
1,0,1,0,11,11,0,0,0,0,0,NA,0,1,1,AIUAL,SN217,N
1,0,1,0,12,12,0,0,0,0,0,NA,0,1,1,AIUNES,SN217,N
11,2.73759040662824,0.165024630541872,0.944073278477946,1,11,10,2.26378885163753,0.885139654961836,0.277965093623488,-1.58582021607926,0.02634637954198,0.944073278477946,0.328817733990148,0.460927004030452,AIUDAT,SN217,N
1,0,1,0,1,1,0,0,0,0,0,NA,0,1,1,AIUPAD,SN217,N
1,0,1,0,2,2,0,0,0,0,0,NA,0,1,1,AIUMAD,SN217,N
1,0,1,0,3,3,0,0,0,0,0,NA,0,1,1,AIUSUO,SN217,N
1,0,1,0,4,4,0,0,0,0,0,NA,0,1,1,AIUSUA,SN217,N
1,0,1,0,5,5,0,0,0,0,0,NA,0,1,1,AIUFRA,SN217,N
1,0,1,0,6,6,0,0,0,0,0,NA,0,1,1,AISOR,SN217,N
1,0,1,0,7,7,0,0,0,0,0,NA,0,1,1,AIUFIO,SN217,N
1,0,1,0,8,8,0,0,0,0,0,NA,0,1,1,AIUFIA,SN217,N
1,0,1,0,10,10,0,0,0,0,0,NA,0,1,1,AIUNUO,SN217,N
1,0,1,0,11,11,0,0,0,0,0,NA,0,1,1,AIUNON,SN217,N
1,0,1,0,12,12,0,0,0,0,0,NA,0,1,1,AIUNIP,SN217,N
1,0,1,0,13,13,0,0,0,0,0,NA,0,1,1,AIUNI,SN217,N
1,0,1,0,14,14,0,0,0,0,0,NA,0,1,1,AIUANZ,SN217,N
1,0,1,0,15,15,0,0,0,0,0,NA,0,1,1,AIUGIO,SN217,N
1,0,1,0,16,16,0,0,0,0,0,NA,0,1,1,AIUAMI,SN217,N
1,0,1,0,17,17,0,0,0,0,0,NA,0,1,1,AIVIC,SN217,N
1,0,1,0,18,18,0,0,0,0,0,NA,0,1,1,AIUALT,SN217,N
27,7.95638036201109,0.191697603779953,0.740021360905508,1,28,27,2.43898968290307,0.886306268454803,1.63099350961636,1.60140617577594,0.0796050289123197,0.740021360905508,0.365957925525931,0.507931150860614,AIVOLM,SN217,S
10,2.42772363255275,0.312819856704197,0.765851196707685,1,10,9,1.76343754899077,0.780396339451185,0.990608278675753,-0.778692039306704,0.13289295616535,0.765851196707685,0.614252814738997,0.741939611054248,AIUOREM,SN217,S
2,0.337931361196716,0.8685313101574,0.561452358701169,1,2,1,0.389169119452447,0.22836934686734,0,0,0.543261306265319,0.561452358701169,1,1,AIUANN,SN217,N
157,92.6711747301729,0.0798657718120805,0.748216215009048,1,325,324,3.78316509863308,0.966496608260889,2.93702504509711,9.30561736354488,0.0273079006605154,0.748216215009048,0.142013422818792,0.196241610738255,ANNVOLM,SN217,S
15,3.46108807880239,0.309272213126953,0.690237182642293,1,15,14,1.86919694126269,0.790894292720731,1.55608590380182,0.920007984786487,0.152613257799216,0.690237182642293,0.599642803988689,0.726298556332788,ANNOREM,SN217,S
2,0.223742412993978,0.94715215158087,0.298373400611458,1,2,1,0.206816681387915,0.100109906673198,0,0,0.799780186653605,0.298373400611458,1,1,AIUVOL,SN217,N
2,0.471504789788935,0.666464007782101,0.918498359634692,1,2,1,0.636654548329721,0.444579468226241,0,0,0.110841063547518,0.918498359634692,1,1,AIUORG,SN217,N
5,1.12301555731818,0.553812477198103,0.745298787885566,1,5,4,1.19951212531421,0.617716752953948,0.749198646174788,-1.37791091979437,0.227854058807565,0.745298787885566,0.79751915359357906,0.90550893834367,NAIUORM,SN217,S
1,0,1,0,1,1,0,0,0,0,0,NA,0,1,1,RICECO,SN217,N
1,0,1,0,2,2,0,0,0,0,0,NA,0,1,1,RICSAN,SN217,N
1,0,1,0,3,3,0,0,0,0,0,NA,0,1,1,RICASS,SN217,N
1,0,1,0,4,4,0,0,0,0,0,NA,0,1,1,RICACC,SN217,N
1,0,1,0,5,5,0,0,0,0,0,NA,0,1,1,RICDOM,SN217,N
1,0,1,0,6,6,0,0,0,0,0,NA,0,1,1,RICCOM,SN217,N
1,0,1,0,7,7,0,0,0,0,0,NA,0,1,1,RICBUR,SN217,N
1,0,1,0,8,8,0,0,0,0,0,NA,0,1,1,RICLAV,SN217,N
1,0,1,0,9,9,0,0,0,0,0,NA,0,1,1,RICSTU,SN217,N
1,0,1,0,10,10,0,0,0,0,0,NA,0,1,1,RICCIB,SN217,N
1,0,1,0,11,11,0,0,0,0,0,NA,0,1,1,RICALT,SN217,N
1,0,1,0,12,12,0,0,0,0,0,NA,0,1,1,RICNES,SN217,N
11,2.46478039300085,0.231471535982814,0.896681229355865,1,11,10,2.15014768107946,0.863559418340235,0.639328125209174,-0.83633388834663,0.050084639825742,0.896681229355865,0.38641245972073,0.538668098818475,AIURIC,SN217,N
27,8.6411806012762,0.219934994582882,0.738395906100309,1,28,27,2.43363244903207,0.884159947601267,1.79460951626378,2.65797086095928,0.0818339005679148,0.738395906100309,0.374052004333694,0.500270855904659,VOLRICM,SN217,S
2,0.344062327551683,0.862840204796551,0.576751964789527,1,2,1,0.39977399827627,0.236693971566394,0,0,0.526612056867212,0.576751964789527,1,1,ANVRIC,SN217,N
109,86.6133937866451,0.080919395465995,0.784757593578511,1,300,299,3.68157087469779,0.963898199024167,2.372412490025,5.50567984323861,0.0271768176515348,0.784757593578511,0.145465994962217,0.207808564231738,NALRICM,SN217,S
2,0.116403513476332,0.986262046339963,0.104661618712557,1,2,1,0.072545905923449,0.0270984445785432,0,0,0.945803110842914,0.104661618712557,1,1,PRNSAN,SN217,N
4,1.08674609285561,0.33134328358209,0.980817539712229,1,4,3,1.35970182459055,0.736573847182,0.181796453499036,-2.20156302301663,0.0179015370906661,0.980817539712229,0.608955223880597,0.811940298507463,FRNSAN,SN217,O
3,0.587168784979075,0.638805970149254,0.728826050593777,1,3,2,0.800697255483769,0.492973936288706,0.0771896188650518,-2.33333333333333,0.260539095566941,0.728826050593777,0.949253731343284,1,PAGNSA,SN217,N
2,0.197067286197182,0.959528100933967,0.244451661048687,1,2,1,0.169440979639093,0.0776678489040439,0,0,0.844664302191912,0.244451661048687,1,1,PRSAN,SN217,N
4,0.956563311643015,0.517453798767967,0.839654677846203,1,4,3,1.16400854518613,0.635428744903423,0.420461455183305,-1.9435684725845,0.152761673462102,0.839654677846203,0.786447638603696,0.921971252566735,FRSAN,SN217,O
3,0.616709122973368,0.742362525458248,0.663464579081058,1,3,2,0.728890339674466,0.410627548417337,0.350808508672514,-2.33333333333333,0.384058677373995,0.663464579081058,0.921588594704684,1,PAGSAN,SN217,N
2,0.124024678805645,0.984374354098632,0.116118936018485,1,2,1,0.0804875131108339,0.0307629701830667,0,0,0.938474059633867,0.116118936018485,1,1,ECOCOM,SN217,N
2,0.0629285893584076,0.996024350851037,0.0374284199206019,3,4,1,0.0259434037407789,0.00791968672561394,0,0,0.984160626548772,0.0374284199206019,1,1,ECOBEN,SN217,N
2,0.143434872374721,0.978985687101845,0.147098362249056,5,6,1,0.101960815057919,0.0411454231031469,0,0,0.917709153793706,0.147098362249056,1,1,ECOPUB,SN217,N
2,0.049809276937764,0.997512953367876,0.0250998970026841,7,8,1,0.0173979228397555,0.00496172246234816,0,0,0.990076555075304,0.0250998970026841,1,1,ECOPRI,SN217,N
2,0.25186184827164,0.931935443926198,0.35865908764703,1,2,1,0.248603535384741,0.126863544560556,0,0,0.746272910878887,0.35865908764703,1,1,FCOLF,SN217,N
3,0.143320921159921,0.985776805251641,0.0734722027496484,1,3,2,0.0807174648162787,0.0280944605911448,0.384768687405975,-2.33333333333333,0.957858309113283,0.0734722027496484,0.99781181619256,1,NICOLF,SN217,S
4,0.279873038845165,0.955777460770328,0.150657816147341,1,4,3,0.208856080983696,0.0852419917745385,0.747996374500302,-1.68886590498084,0.886344010967282,0.150657816147341,0.990014265335235,0.998573466476462,NSCOLF,SN217,S
2,0.0896273586816357,0.991901680706466,0.0679044013163325,3,4,1,0.0470677443200269,0.016065473036307,0,0,0.967869053927386,0.0679044013163325,1,1,FBABY,SN217,N
5,0.68413577757592,0.922077922077922,0.228080638657107,1,5,4,0.36708162694693097,0.147664024287401,1.07090018147618,-0.922920311408586,0.815419969640749,0.228080638657107,0.961038961038961,0.98051948051948,NIBABY,SN217,S
1,0,1,0,1,1,0,0,0,0,0,NA,0,1,1,NSBABY,SN217,S
2,0.109518765473346,0.987858719646799,0.0946757241734877,5,6,1,0.0656242112783241,0.0239877393291716,0,0,0.952024521341657,0.0946757241734877,1,1,FANZI,SN217,N
4,0.367435445207451,0.950819672131147,0.172230162901122,1,4,3,0.238761703644586,0.0947325987637733,0.748624222078631,-1.68843847564212,0.873689868314969,0.172230162901122,0.983606557377049,0.991803278688525,NIANZI,SN217,S
3,0.270469775096693,0.975308641975309,0.118020686665292,1,4,3,0.129658976687538,0.0483920134125896,0.384686699631017,-2.33333333333333,0.927411979881116,0.118020686665292,0.993827160493827,1,NSANZI,SN217,S
2,0.074918682881023907,0.99435555916511,0.050278248302703,7,8,1,0.0348502260545114,0.0112251622451027,0,0,0.977549675509795,0.050278248302703,1,1,FDISA,SN217,N
3,0.617937404085367,0.944444444444444,0.223736798759196,1,6,5,0.245799996544117,0.106095679012346,0.38370846986604,-2.33333333333333,0.840856481481482,0.223736798759196,0.986111111111111,1,NIDISA,SN217,S
1,0,1,0,1,1,0,0,0,0,0,NA,0,1,1,NSDISA,SN217,S
32,8.41839513320707,0.202172096908939,0.740626086528214,1,75,74,2.56681441863089,0.888417088390707,2.15489764467009,3.87437825620037,0.0829242958547544,0.740626086528214,0.385964912280702,0.50125313283208,ORCOLF,SN217,S
1,0,1,0,0,0,0,0,0,0,0,NA,0,1,1,SACOLF,SN217,N
1,0,1,0,99,99,0,0,0,0,0,NA,0,1,1,VCOLF,SN217,N
23,8.71045017401576,0.136752136752137,0.889884502986657,1,40,39,2.79022771195965,0.924537950178976,1.0381075440502,0.14763761047695,0.0334375975401616,0.889884502986657,0.264957264957265,0.367521367521368,ORBABY,SN217,S
1,0,1,0,0,0,0,0,0,0,0,NA,0,1,1,SABABY,SN217,N
1,0,1,0,99,99,0,0,0,0,0,NA,0,1,1,VBABY,SN217,N
34,16.4886806082395,0.13986013986014,0.902305113263407,1,96,95,3.18185313257139,0.945180693432442,2.0695587617246902,5.29204818389793,0.0261774673726358,0.902305113263407,0.230769230769231,0.286713286713287,ORANZI,SN217,S
1,0,1,0,0,0,0,0,0,0,0,NA,0,1,1,SAANZI,SN217,N
1,0,1,0,99,99,0,0,0,0,0,NA,0,1,1,VANZI,SN217,N
26,15.3209372950989,0.0843373493975904,0.937544153461604,1,95,94,3.05460936063553,0.945275076208448,0.657470999264639,-1.11686542408912,0.0169139207432138,0.937544153461604,0.168674698795181,0.253012048192771,ORDISA,SN217,S
1,0,1,0,0,0,0,0,0,0,0,NA,0,1,1,SADISA,SN217,N
1,0,1,0,99,99,0,0,0,0,0,NA,0,1,1,VDISA,SN217,N
1,0,1,0,1,1,0,0,0,0,0,NA,0,1,1,COLFPA,SN217,N
1,0,1,0,2,2,0,0,0,0,0,NA,0,1,1,COLFRE,SN217,N
1,0,1,0,3,3,0,0,0,0,0,NA,0,1,1,COLFVI,SN217,N
1,0,1,0,4,4,0,0,0,0,0,NA,0,1,1,BABYPA,SN217,N
1,0,1,0,5,5,0,0,0,0,0,NA,0,1,1,BABYRE,SN217,N
1,0,1,0,7,7,0,0,0,0,0,NA,0,1,1,ANZIPA,SN217,N
1,0,1,0,8,8,0,0,0,0,0,NA,0,1,1,ANZIRE,SN217,N
1,0,1,0,9,9,0,0,0,0,0,NA,0,1,1,ANZIVI,SN217,N
1,0,1,0,1,1,0,0,0,0,0,NA,0,1,1,DISAPA,SN217,N
1,0,1,0,2,2,0,0,0,0,0,NA,0,1,1,DISARE,SN217,N
1,0,1,0,3,3,0,0,0,0,0,NA,0,1,1,DISAVI,SN217,N
6,0.478165321109427,0.896640826873385,0.225694154909948,1,6,5,0.404389639209323,0.188887924440676,1.33791172478684,-0.123271360176878,0.773334490671189,0.225694154909948,0.980189491817399,0.992248062015504,TOTITA,SN217,S
4,0.441113823685336,0.881199538638985,0.31624229075747,1,4,3,0.438404904424717,0.214684530437455,0.733068048823606,-1.69939366557357,0.713753959416727,0.31624229075747,0.971164936562861,0.997693194925029,TOTSTR,SN217,S
4,0.615893992063363,0.658799618399768,0.635214451544881,1,4,3,0.880594212278533,0.494252611323404,0.498762001978207,-1.90368409424699,0.340996518235461,0.635214451544881,0.920361690654942,0.968683893981501,RISECO,SN217,O
26,4.00375437932258,0.334437798528336,0.632462026274369,14,40,26,2.06062233823457,0.812656822538102,2.58555140578384,6.2464702710859,0.154836904560374,0.632462026274369,0.527690520246138,0.691897241705753,USCIM,SN217,S
27,3.80835341518062,0.351251238316751,0.623984533164429,14,40,26,2.05655122821983,0.809544061545072,2.83289804338963,7.99970597067059,0.159319628395502,0.623984533164429,0.521557479433174,0.684541499763105,USCIF,SN217,S
87,17.6681637572356,0.0241877773007013,0.942099726135556,1929,2016,87,4.20733081553104,0.98426071653773,-0.539227041257791,-1.25922672790335,0.00429439140950566,0.942099726135556,0.0459424645770717,0.0652640618291112,ANNUSC,SN217,S
1,0,1,0,9999,9999,0,0,0,0,0,NA,0,1,1,MAIUSC,SN217,N
7,1.43117723024099,0.598067218889841,0.689681618812862,1,7,6,1.34205846166485,0.609320393028169,1.53652078732804,0.631792473706409,0.289126208133802,0.689681618812862,0.709654384461582,0.803865562220318,MOTUSC,SN217,N
2,0.224657880246037,0.946688795336788,0.300299581982622,1,2,1,0.208151808574585,0.100938240241139,0,0,0.798123519517722,0.300299581982622,1,1,CONVPM,SN217,N
6,0.579743755359242,0.808656036446469,0.34718763804242,1,6,5,0.622076738061428,0.323403607633142,1.27526212012673,-0.238847158186796,0.61191567084023,0.34718763804242,0.954441913439635,0.9916476841306,NCPM,SN217,S
12,3.69009929129603,0.13953488372093,0.980779088843305,1,12,11,2.43714447983974,0.908599242833964,0.449291375839632,-0.675697413730325,0.00880082599931167,0.980779088843305,0.255813953488372,0.348837209302326,MICPMU,SN217,O
25,10.4093032614698,0.101694915254237,0.945068516129386,1968,2015,47,3.04205819941294,0.945130709566217,0.756920069155571,-0.522982456660033,0.0154888442018577,0.945068516129386,0.186440677966102,0.254237288135593,AICPMU,SN217,S
12,3.54337365073917,0.159090909090909,0.940320954151436,1,12,11,2.3366097919059,0.894628099173554,-0.0315141463721499,-1.27431233723958,0.0240420736288505,0.940320954151436,0.295454545454545,0.409090909090909,MFCPMU,SN217,O
24,10.302796242056,0.120689655172414,0.910222752410185,1969,2016,47,2.89273690476704,0.929845422116528,1.30544195013995,0.339191666666665,0.0297265160523187,0.910222752410185,0.241379310344828,0.362068965517241,AFCPMU,SN217,S
2,0.153233245458232,0.975942897426859,0.163650700345471,1,2,1,0.113434021541124,0.046956716777852,0,0,0.906086566444296,0.163650700345471,1,1,ASPBAM,SN217,N
4,0.963237212368609,0.486824475212148,0.862508650261608,1,4,3,1.1956908782748,0.657421003801823,0.311043906455135,-1.85715759093797,0.123438661597569,0.862508650261608,0.727467619472979,0.936310853059402,FI3AN,SN217,O
4,1.07990779874536,0.473677736777368,0.907165649242773,1,4,3,1.25759862414692,0.679200779461669,0.615533385604502,-1.75554427350904,0.0943989607177745,0.907165649242773,0.676629766297663,0.876752767527675,FIFUTU,SN217,O
9,42.4638107891401,0.464126758055902,0.603607772442052,1,99,98,1.32626183268084,0.678442363017809,1.08816317464749,-0.320814597097585,0.236752341604965,0.603607772442052,0.724764108954958,0.910450418372797,FINUM,SN217,S
28,30.2928134796097,0.379807692307692,0.649536951083895,23,99,76,2.16438995792721,0.801634688943272,3.3026346186877,11.1734910306873,0.168675137392163,0.649536951083895,0.546474358974359,0.674145299145299,ETAUFIG,SN217,S
5,0.793824082340352,0.535915259847733,0.724311268211586,1,5,4,1.16573401546295,0.616673465592995,0.586461712932791,-1.63335835301439,0.229158168008756,0.724311268211586,0.822575306190003,0.928169480304535,FI3IND,SN217,O
5,0.719292914901807,0.602118503806687,0.648773548107213,1,5,4,1.04416074490814,0.557664263648886,0.711436767614723,-1.46262962353031,0.302919670438893,0.648773548107213,0.872558755379014,0.931810658722277,FI3LAV,SN217,O
5,0.694042067236121,0.453853787628184,0.645655960572328,1,5,4,1.03914318133416,0.59049372169197,0.281205288801511,-2.2469345634448,0.261882847885037,0.645655960572328,0.900099239166391,0.953026794574926,FI3ECO,SN217,O
5,0.589299663311667,0.739840106595603,0.520267158601445,1,5,4,0.837337689647531,0.423451210185881,0.989373595830093,-1.02594790529491,0.470685987267649,0.520267158601445,0.889073950699534,0.969353764157229,FI3SES,SN217,O
5,0.606038745591233,0.69474034620506,0.529536817752653,1,5,4,0.852256630520827,0.461676043127583,0.851226995795603,-1.24302421303375,0.422904946090521,0.529536817752653,0.9254327563249,0.96404793608522,FI3GEN,SN217,O
5,0.711781918266271,0.467175066312997,0.64110430091093,1,5,4,1.03181756771061,0.608128003433501,0.216773920593257,-2.17040895511659,0.239839995708124,0.64110430091093,0.864058355437666,0.990716180371353,FI3SOD,SN217,O
5,0.779064734221148,0.469164456233422,0.710489498642325,1,5,4,1.14348873550125,0.649770191164365,0.172431283372778,-1.88654214578972,0.187787261044544,0.710489498642325,0.734416445623342,0.978116710875332,FI3VIP,SN217,O
5,0.696494241836028,0.648424543946932,0.623091477980204,1,5,4,1.00282704757594,0.522781999345451,0.85341493638551,-1.23120870032347,0.346522500818187,0.623091477980204,0.871641791044776,0.942951907131012,FI3LAP,SN217,O
5,0.773756099677046,0.462691538974017,0.696457232865856,1,5,4,1.12090467496325,0.630106910738166,0.232605165244281,-2.11937623325759,0.212366361577292,0.696457232865856,0.832445036642238,0.968021319120586,FI3VIG,SN217,O
5,0.793488414367521,0.472425249169435,0.712423114290194,1,5,4,1.14660076983301,0.63484244103266,0.27996885884098,-2.04513967979657,0.206446948709175,0.712423114290194,0.822591362126246,0.956810631229236,FI3CER,SN217,O
17,5.2169106117481,0.335879284649776,0.702078770716331,1,17,16,1.98913894177209,0.801340698648057,1.89532237174803,2.45133579434894,0.148575507686439,0.702078770716331,0.57693740685544,0.701005961251863,MONOFIG,SN217,N
1,0,1,0,1,1,0,0,0,0,0,NA,0,1,1,STOSTU,SN217,N
1,0,1,0,2,2,0,0,0,0,0,NA,0,1,1,HOLIBE,SN217,N
1,0,1,0,3,3,0,0,0,0,0,NA,0,1,1,NOSENT,SN217,N
1,0,1,0,4,4,0,0,0,0,0,NA,0,1,1,RINUN,SN217,N
1,0,1,0,5,5,0,0,0,0,0,NA,0,1,1,NOLAST,SN217,N
1,0,1,0,6,6,0,0,0,0,0,NA,0,1,1,NOAFCA,SN217,N
1,0,1,0,7,7,0,0,0,0,0,NA,0,1,1,DISPIA,SN217,N
1,0,1,0,8,8,0,0,0,0,0,NA,0,1,1,BISME,SN217,N
1,0,1,0,9,9,0,0,0,0,0,NA,0,1,1,VIVALT,SN217,N
4,0.98533613081553,0.448070509766555,0.886192485478442,1,4,3,1.22852364548558,0.672436521758472,0.195604794491048,-2.16984817269374,0.103417970988703,0.886192485478442,0.759171033825631,0.902096236303001,RICDEN,SN217,N
42,202.326297598038,0.192577733199599,0.722569619695581,10,1500,1490,2.70072651463074,0.89735404810218,2.52218867032044,5.69244552274998,0.0807592677977667,0.722569619695581,0.35506519558676,0.485456369107322,QUADEN,SN217,S
5,1.24217276948379,0.47078870496592,0.848356153618344,1,5,4,1.36537655688013,0.694849458960548,0.726977209287484,-1.25518379310461,0.131438176299315,0.848356153618344,0.67429406037001,0.818646543330088,CONTSP,SN217,N
20,26.5323465168968,0.197530864197531,0.781283151728659,1,100,99,2.34051515241752,0.87161509932429,1.26883939288186,0.0279577135415994,0.0825104217639053,0.781283151728659,0.386831275720165,0.534979423868313,SOLGEN,SN217,S
1,0,1,0,999,999,0,0,0,0,0,NA,0,1,1,NOSOL,SN217,N
3,0.573895312273519,0.589110098344927,0.776018826783034,1,3,2,0.852543819341651,0.527727499704986,-0.0565446224195659,-2.33333333333333,0.20840875044252,0.776018826783034,0.937395058767091,1,HOCONT,SN217,N
4,0.921947885272307,0.419472913616398,0.932496537761927,1,4,3,1.29271469206318,0.701801114281366,0.351025084574082,-1.98653894883261,0.0642651809581791,0.932496537761927,0.689604685212299,0.868228404099561,USCIRE,SN217,O
2,0.163337017266408,0.972570133182205,0.181334288238394,1,2,1,0.125691350631287,0.0533549384483067,0,0,0.893290123103386,0.181334288238394,1,1,QMATRI,SN217,N
2,0.161840005126609,0.973140495867769,0.178389214746795,2,3,1,0.123649981244043,0.052276142340004,0,0,0.895447715319992,0.178389214746795,1,1,NMATRI,SN217,S
10,3.13990037405239,0.153846153846154,0.975006431231153,1,12,11,2.24503527412618,0.887573964497041,0.745270804089743,-1.57285714285714,0.0138067061143984,0.975006431231153,0.307692307692308,0.461538461538462,MEMATU,SN217,O
8,6.75296705919436,0.230769230769231,0.957713559837711,1993,2016,23,1.99150936135661,0.85207100591716,0.540597944572312,-1.26877926638918,0.0262045646661031,0.957713559837711,0.384615384615385,0.538461538461539,ANMATU,SN217,S
3,0.776250025806185,0.692307692307692,0.755969902989267,1,3,2,0.830517825287248,0.473372781065089,0.384900179459751,-2.33333333333333,0.289940828402367,0.755969902989267,0.846153846153846,1,RIT2U,SN217,N
2,0.480384461415261,0.692307692307692,0.890491640219491,1,2,1,0.617241769730342,0.42603550295858,0,0,0.14792899408284,0.890491640219491,1,1,CPMPRU,SN217,N
7,2.58736244937667,0.222222222222222,0.970835762725816,4,12,8,1.88915916375402,0.839506172839506,0.752837199131726,-1.60408163265306,0.0205761316872428,0.970835762725816,0.444444444444444,0.555555555555556,CPMMEU,SN217,O
5,4.79003595439997,0.444444444444444,0.886682880001534,1998,2014,16,1.42706104338072,0.716049382716049,0.822908317445649,-1.29370242214533,0.104938271604938,0.886682880001534,0.666666666666667,0.777777777777778,CPMANU,SN217,S
2,0.5,0.666666666666667,0.918295834054489,1,2,1,0.636514168294813,0.444444444444444,0,0,0.111111111111111,0.918295834054489,1,1,ATTSEU,SN217,N
4,1.092906420717,0.555555555555556,0.828871363252444,1,4,3,1.14905969697062,0.617283950617284,0.621946425107926,-1.79133991346674,0.176954732510288,0.828871363252444,0.777777777777778,0.888888888888889,INCPM2U,SN217,N
2,2.88675134594813,0.5,1,1,6,5,0.693147180559945,0.5,0,0,0,1,1,1,MOTMAU,SN217,N
2,0.375533808099405,0.846153846153846,0.619382194678764,1,2,1,0.429323021930616,0.260355029585799,0,0,0.479289940828402,0.619382194678764,1,1,CORSOU,SN217,N
15,3.41450818759155,0.149965405904059,0.890430504307433,1,15,14,2.41133050625729,0.900730083555592,0.153511998774073,-1.31324092318356,0.034932053333294,0.890430504307433,0.289610239852399,0.398639298892989,OVEMAR,SN217,N
56,5.71852975403876,0.101073397156948,0.750561439159277,8,82,74,3.0212737581204,0.939992023100186,1.50915207535574,1.10481985823218,0.0429172128434468,0.750561439159277,0.200406150275602,0.274093414563388,ETAINT,SN217,S
63,6.15822561211517,0.0871994877466674,0.750106829997965,9,77,68,3.10779365586804,0.944707145165686,1.53352086811185,0.983154805026783,0.0400556428155122,0.750106829997965,0.173991501251528,0.248035392048431,ETACON,SN217,S
6,1.07493299847398,0.367190672312779,0.767551988108157,1,13,12,1.37526854281761,0.715469900459118,0.142206586365887,-2.07133091386365,0.141436119449059,0.767551988108157,0.669702418933813,0.901038343291374,TITINTM,SN217,O
6,1.26740141415767,0.368326369545033,0.774886317910081,1,13,12,1.38840989769065,0.715544429335761,0.177029135975893,-2.05825476118309,0.141346684797087,0.774886317910081,0.678272980501393,0.897574280408542,TITCON2M,SN217,O
4,1.10713128429915,0.43982683982684,0.79661942017946,1,4,3,1.10434901015338,0.649878155706727,-0.281200143317251,-1.93920018662711,0.13349579239103,0.79661942017946,0.762828282828283,0.991457431457431,ANELLO,SN217,N
3,0.402401378129893,0.826815642458101,0.496981415124747,1,3,2,0.545989889895714,0.295746075340969,0.358761482906828,-2.33333333333333,0.556380886988546,0.496981415124747,0.966480446927374,1,RICEV,SN217,N
2,0.309407080306339,0.892982456140351,0.490853903361113,2,3,1,0.340233999181599,0.191129578331794,0,0,0.617740843336411,0.490853903361113,1,1,NRICEVM,SN217,S
180,61.4914239333625,0.161035653650255,0.612359173522574,1,250,249,3.17995476534952,0.933002138815465,5.02712153196572,30.9144629308501,0.0617855587330517,0.612359173522574,0.254159592529711,0.334380305602716,NINVITM,SN217,S
1,0,1,0,9999,9999,0,0,0,0,0,NA,0,1,1,NINVITNR,SN217,N
1,0,1,0,3,3,0,0,0,0,0,NA,0,1,1,PAGSPO,SN217,N
1,0,1,0,4,4,0,0,0,0,0,NA,0,1,1,PAGSPA,SN217,N
1,0,1,0,5,5,0,0,0,0,0,NA,0,1,1,PAGAL,SN217,N
3,0.54989712160523,0.61247099767981406,0.739562445964642,1,3,2,0.812492391374201,0.50721006427614,-0.0224486349204454,-2.33333333333333,0.23918490358579,0.739562445964642,0.952146171693735,1,VIAGGI,SN217,N
4,0.855585670453708,0.472447183098592,0.845929233919234,1,4,3,1.1727069268887,0.655510237924023,0.095956972048201,-1.92374034775053,0.125986349434636,0.845929233919234,0.747887323943662,0.956514084507042,OVEVIA,SN217,O
1,0,1,0,3,3,0,0,0,0,0,NA,0,1,1,LUIVIA,SN217,N
1,0,1,0,4,4,0,0,0,0,0,NA,0,1,1,LEIVIA,SN217,N
1,0,1,0,5,5,0,0,0,0,0,NA,0,1,1,REGVIA,SN217,N
1,0,1,0,6,6,0,0,0,0,0,NA,0,1,1,ALTVIA,SN217,N
3,0.623181067443396,0.670773324078894,0.73628914967381,1,3,2,0.808896307844641,0.479396432474294,0.238258183534681,-2.33333333333333,0.280905351288559,0.73628914967381,0.926138006825149,1,COMBEN,SN217,N
9,2.03113843045827,0.236324348913909,0.91725077040676,1,9,8,2.01540593631832,0.84588153611899,0.68650274494218,-1.23406389648357,0.0483832718661362,0.91725077040676,0.45866029796429,0.588365745479359,AB1MAD,SN217,N
9,2.21959525063701,0.226539798302091,0.93441501881225,1,9,8,2.05311964476636,0.853985757407584,0.777078840173289,-1.13283138714652,0.0392660229164686,0.93441501881225,0.439747022961655,0.56196228135149,AB1PAD,SN217,N
9,1.98088672596422,0.240585299455535,0.911319903015167,1,9,8,2.00237448872059,0.843594464599507,0.646774155197074,-1.24864976833332,0.0509562273255543,0.911319903015167,0.462000907441016,0.598570780399274,AB1SUA,SN217,N
9,2.09399830540958,0.235327538208056,0.925927534004874,1,9,8,2.03447073454783,0.849249488535492,0.771812224881868,-1.19226414325059,0.0445943253975713,0.925927534004874,0.451906141696495,0.583773649224476,AB1SUO,SN217,N
6,1.57426068082303,0.690230832646331,0.622079004123623,1,6,5,1.11461594624646,0.504032006549305,1.35751170598001,-0.0887837810735852,0.395161592140834,0.622079004123623,0.765663643858203,0.832715031602088,AB1SPO,SN217,N
6,1.77621349168212,0.441703577512777,0.811678350906668,1,6,5,1.45433237120443,0.708643965069406,0.755004864458122,-1.31231206247718,0.149627241916713,0.811678350906668,0.712299829642249,0.808926746166951,COMAB,SN217,N
12,3.45847888306133,0.109535066981875,0.994157086967112,1,12,11,2.47038755633845,0.914265807480435,0.0462722326540133,-1.13023878763609,0.00261911911225326,0.994157086967112,0.208037825059102,0.304176516942474,MECONV,SN217,O
43,7.29069619233098,0.08274231678487,0.834783841795031,1965,2016,51,3.13978908233859,0.94654676808492,1.01983733534909,-0.385457004282659,0.0309164041035342,0.834783841795031,0.163120567375887,0.242710795902285,ANCONV,SN217,S
14,3.83083064727323,0.18882769472856,0.890515884124013,1,15,14,2.35012247113629,0.889722373023837,0.60638085377855,-0.748207012756176,0.041837444435868,0.890515884124013,0.33044846577498,0.462627852084972,LUOPAR,SN217,N
21,3.23762910198099,0.311023622047244,0.668182769218275,0,22,22,2.03429743338521,0.814150908301817,2.01031969083215,2.96963182122865,0.145141546283093,0.668182769218275,0.533858267716535,0.698425196850394,ANFIDA,SN217,S
5,1.35970453835436,0.295741324921136,0.931145133157191,1,5,4,1.49862027928168,0.761257451064296,-0.281759058048789,-1.88858868549229,0.0484281861696305,0.931145133157191,0.581230283911672,0.79179810725552,INTENZ,SN217,N
6,2.03184922884819,0.400635930047695,0.773323857701685,1,6,5,1.38561034481696,0.709431024590475,0.284435149345741,-1.87754711985862,0.14868277049143,0.773323857701685,0.664546899841018,0.90302066772655,MOTMAT,SN217,N
4,1.02572032944282,0.318289786223278,0.981609025564892,1,4,3,1.360799056965,0.737718699397995,-0.192322699650152,-2.01235412669463,0.0163750674693402,0.981609025564892,0.596199524940618,0.831353919239905,INT3MAT,SN217,O
4,0.949915409260632,0.319873317498021,0.920815468368381,1,4,3,1.27652129143106,0.706979636640381,-0.728456578025656,-1.70304792675268,0.0573604844794919,0.920815468368381,0.635787806809184,0.92874109263658,INT3CONV,SN217,O
4,1.06191690051734,0.316706254948535,0.991123144832571,1,4,3,1.37398842685681,0.743590177592468,0.58688412507592,-1.79090862783122,0.00854642987670898,0.991123144832571,0.559778305621536,0.787806809184481,INT3UNI,SN217,O
9,2.16075377936386,0.1796875,0.957407359382866,1,9,8,2.1036389805586,0.869190673828125,0.0132441024538778,-1.69135432057969,0.0221604919433594,0.957407359382866,0.34375,0.503125,ABCMAD,SN217,N
9,2.35439282304737,0.17425431711146,0.954129088824195,1,9,8,2.09643588391593,0.868757840051852,-0.237181785528409,-1.66309976361346,0.0226474299416663,0.954129088824195,0.335949764521193,0.485086342229199,ABCPAD,SN217,N
9,2.08902591781582,0.189082278481013,0.94443966158731,1,9,8,2.07514603625074,0.863308163755808,0.0554639073639919,-1.73169505843897,0.0287783157747156,0.94443966158731,0.370253164556962,0.515822784810127,ABCSUA,SN217,N
9,2.1991172033025,0.180588703261734,0.943667837217789,1,9,8,2.07345016477664,0.865123803122561,-0.332648118721192,-1.58916590111116,0.0267357214871184,0.943667837217789,0.345266507557677,0.488464598249801,ABCSUO,SN217,N
1,0,1,0,4,4,0,0,0,0,0,NA,0,1,1,ABIANP,SN217,N
6,1.71803127819793,0.416595380667237,0.84128038782491,1,6,5,1.50737210116113,0.73122092610575,0.708622595617463,-1.25947507724183,0.1225348886731,0.84128038782491,0.661248930710009,0.810949529512404,COCAB,SN217,N
2,0.428668510737126,0.757413758321565,0.799314721458031,1,2,1,0.554042745558692,0.367476314053533,0,0,0.265047371892933,0.799314721458031,1,1,LAT,SN217,N
12,3.34301620774784,0.10464135021097,0.995053213611372,1,12,11,2.47261434739582,0.914712741903897,-0.609645562672565,-0.528036675643374,0.00213155428665764,0.995053213611372,0.19915611814346,0.289873417721519,MLAT,SN217,O
56,7.98368548455443,0.164135021097046,0.701013286356007,1958,2016,58,2.82182501746096,0.911758443269419,2.56361314769764,6.05034519564772,0.0716641304893188,0.701013286356007,0.30379746835443,0.423206751054852,ALAT,SN217,S
5,1.21599148778792,0.609440267335004,0.648191119784755,1,5,4,1.0432233626847,0.56085284221414,0.768408324842183,-1.30132223378212,0.298933947232325,0.648191119784755,0.8312447786132,0.964494569757728,NOCONV,SN217,N
7,1.49286659676555,0.246340443329151,0.908368613021156,1,7,6,1.76760370316117,0.81619820318107,-0.272818790704305,-1.53063986557549,0.0477687629554181,0.908368613021156,0.469259723964868,0.631116687578419,ABIPART,SN217,N
6,1.11721302247589,0.436272461345591,0.699158571275666,1,6,5,1.25272399057513,0.656407487432438,0.519602322803967,-1.89094323743444,0.212311015081074,0.699158571275666,0.812369410781446,0.880902632678646,VEDPAR,SN217,O
6,0.780918855340248,0.887541806020067,0.256213718493979,1,6,5,0.459073356257718,0.205763568080894,1.34203732170643,-0.115758371429101,0.753083718302927,0.256213718493979,0.965301003344482,0.983695652173913,TELPAR,SN217,O
6,2.08316483029269,0.657047260560435,0.591413437055053,1,6,5,1.0596706260721,0.523221315958824,1.17148502146748,-0.438265431227613,0.372134420849411,0.591413437055053,0.851108322877457,0.923044751150146,INTPAR,SN217,O
6,1.62840685991148,0.800920117105813,0.384938652012111,1,6,5,0.689717474814583,0.340339076499931,1.29944730666899,-0.18888660185144,0.591593108200083,0.384938652012111,0.918025930572982,0.984107068172313,MESPAR,SN217,O
4,0.72791483261726,0.499579124579125,0.733536235748822,1,4,3,1.0168971472957,0.588623680690179,0.0548858917590898,-2.34980866991771,0.215168425746428,0.733536235748822,0.893518518518518,0.968434343434343,FUTINS,SN217,O
31,8.7697230746539,0.0422974176313446,0.996648795890152,1,31,30,3.42247921245231,0.967014476710947,-0.0952488970599175,0.397955480449599,7.51707398688e-4,0.996648795890152,0.0832591273374889,0.124220837043633,GGPAR,SN217,S
12,3.40552123538157,0.0959752321981424,0.999080294755695,1,12,11,2.48262126811058,0.916281911167596,0.466721294567672,-0.681548636526793,4.1973327171388e-4,0.999080294755695,0.183547103051747,0.271118973905352,MMPAR,SN217,O
72,13.5880300448126,0.0467091295116773,0.894395353262079,1924,2001,77,3.82503030430133,0.973479564192372,0.937120193780792,-0.255585988357232,0.0128094560302706,0.894395353262079,0.0912951167728238,0.134182590233546,AAPAR,SN217,S
2,0.281992490452888,0.912933220625528,0.426602575487068,1,2,1,0.295698372418472,0.158972310607657,0,0,0.682055378784685,0.426602575487068,1,1,CITTPAR,SN217,N
4,0.454391652084306,0.836412705003114,0.431409961156919,1,4,3,0.598061196482788,0.289078671650534,0.738051871525675,-1.69495735387696,0.614561771132621,0.431409961156919,0.915715175420386,0.985191336239707,CONTI,SN217,N
4,0.666945393445441,0.576987168805199,0.649571051399595,1,4,3,0.900496685701977,0.53679645571486,0.202618021025963,-2.19961860309646,0.284271392380187,0.649571051399595,0.934094317613731,0.984252624562573,NCONTIM,SN217,S
6,1.18778727437929,0.630804629758751,0.694305849341252,1,6,5,1.24402908009762,0.573536069031511,1.34576031994002,-0.10817683101706,0.311756717162187,0.694305849341252,0.731627388090922,0.80497838516246,GESRED,SN217,N
5,1.17968671805832,0.405766526019691,0.805635244330319,1,5,4,1.29661990581832,0.680468269369621,0.230250787183829,-2.19750345456229,0.149414663287974,0.805635244330319,0.770042194092827,0.90154711673699,DIVSPE,SN217,N
5,0.85465738766784,0.500735964112988,0.69121141711975,1,5,4,1.11246186021983,0.609148579718986,0.375482824369706,-2.04391936258419,0.238564275351267,0.69121141711975,0.864091960468213,0.942104156444943,DISFIG,SN217,O
5,1.01125029309467,0.476784088521605,0.838306986019188,1,5,4,1.34920304555764,0.688266376155544,0.704907824336587,-1.31529355843956,0.13966702980557,0.838306986019188,0.693676027733034,0.839134393164787,DISGEN,SN217,O
5,0.941190148533884,0.547707385369268,0.749312215729375,1,5,4,1.20597148824486,0.624975891426703,0.737604189204041,-1.33555973673377,0.218780135716621,0.749312215729375,0.770528526426321,0.918725936296815,DISDOM,SN217,O
5,1.00854625430332,0.489676966292135,0.829968178952228,1,5,4,1.33578225331961,0.681544056148214,0.758311930605435,-1.21697039885819,0.148069929814733,0.829968178952228,0.679494382022472,0.840168539325843,DISPES,SN217,O
5,1.02304550299972,0.474881052336972,0.826033084973899,1,5,4,1.32944896388189,0.6818316761224,0.604101249236522,-1.51353529733899,0.147710404847,0.826033084973899,0.719983207388749,0.877693814721523,DISDIA,SN217,O
5,1.16953685173598,0.364561403508772,0.919571211498491,1,5,4,1.47999277096863,0.751252801477378,0.216221848267244,-1.43177417115963,0.0609339981532779,0.919571211498491,0.579298245614035,0.767719298245614,DISEDU,SN217,O
5,0.940028399557115,0.491423370440384,0.782638982839723,1,5,4,1.25960885073111,0.66005695601523,0.51313264743764,-1.60792967204857,0.174928804980963,0.782638982839723,0.748442204018764,0.919064622278233,DISTLB,SN217,O
5,0.978549519401378,0.466615341545353,0.799313408155115,1,5,4,1.28644530300175,0.676044633810438,0.410201800446429,-1.6789854143415,0.154944207736952,0.799313408155115,0.722564389697648,0.913633818589026,DISSOL,SN217,O
4,1.0445221119966701,0.426323921899143,0.887146790136581,1,4,3,1.22984659265195,0.678011964089854,0.0111685025508484,-2.15673028264808,0.0959840478801952,0.887146790136581,0.747928079786487,0.924146649810367,PESTEI,SN217,N
4,0.836917185244572,0.399086757990868,0.849400410091571,1,4,3,1.17751899884287,0.667333263503421,-0.287504538080629,-2.09000954079877,0.110222315328772,0.849400410091571,0.760309097295399,0.964383561643836,PESTEP,SN217,N
6,1.27803845889207,0.322853350101307,0.867121877761956,1,6,5,1.5536738354548,0.767110814989775,-0.0367469031032075,-1.7650341140567,0.0794670220122701,0.867121877761956,0.570809753371061,0.76580730804164,CHISPE,SN217,N
6,1.48368351858491,0.347777622962241,0.883391269346349,1,6,5,1.58282467188471,0.771337392106195,0.291211208544146,-1.2470429524448,0.074395129472566,0.883391269346349,0.565417305280758,0.727044726208722,CHIPAS,SN217,N
6,1.56843204760561,0.351826038472261,0.905599449605025,1,6,5,1.62261638915752,0.776972070021153,0.559690654131945,-1.06019553064353,0.0676335159746161,0.905599449605025,0.557638695288542,0.702397546696404,CHICAS,SN217,N
6,1.62625740990866,0.416068566650408,0.844651531504869,1,6,5,1.51341237977183,0.737780247273236,0.728611931368541,-0.985337494303638,0.114663703272116,0.844651531504869,0.622744059647411,0.777228067730472,CHILAV,SN217,N
6,1.74582915177192,0.416398938399218,0.862483596995017,1,6,5,1.5453631519697,0.74217887353879,0.852979419003123,-0.882324487651014,0.109385351753452,0.862483596995017,0.612934767425618,0.773920938678586,CHISTI,SN217,N
6,1.75204740975359,0.274002232765839,0.95997930634467,1,6,5,1.72005201240604,0.808667521194489,0.422366596725941,-1.70684961290352,0.0295989745666129,0.95997930634467,0.502651409433436,0.648478928272397,CHIRIP,SN217,N
6,1.49370712482739,0.27159288950854,0.929076590210732,1,6,5,1.66468177814819,0.796896729392123,-0.225909719296763,-1.63835061028659,0.0437239247294519,0.929076590210732,0.503868943882886,0.705820843499477,CHICON,SN217,N
6,1.05191281137602,0.625692836595804,0.687685279476147,1,6,5,1.23216661135013,0.575870600828778,1.30656926614191,-0.172421655000642,0.308955279005466,0.687685279476147,0.744895811408125,0.840594962464043,CHISOC,SN217,N
6,3.23196377704923,0.411149096490616,0.858748609961603,1,13,12,1.53867095358513,0.745357007007704,0.791781504355459,-0.819003174178165,0.105571591590755,0.858748609961603,0.591711435149655,0.757273424963371,TITMAPARM,SN217,O
6,3.34313145223464,0.390753951601623,0.886712037142225,1,13,12,1.58877468902808,0.761247417024129,0.832422291763066,-0.709382596329853,0.0865030995710454,0.886712037142225,0.555322422716464,0.719121555462302,TITPAPARM,SN217,O
2,0.49883877435271,0.534307978760086,0.996601117930474,1,2,1,0.690791255036398,0.497645925186795,0,0,0.00470814962640991,0.996601117930474,1,1,VIVMAPAR,SN217,N
2,0.487396262522663,0.611630321910696,0.963739381162133,1,2,1,0.668013234847119,0.475077342460229,0,0,0.0498453150795422,0.963739381162133,1,1,VIVPAPAR,SN217,N
2,0.324982750620523,0.879991593106347,0.529385030160774,1,2,1,0.366941741086582,0.211212778337001,0,0,0.577574443325999,0.529385030160774,1,1,FRAPAR,SN217,N
7,1.72285630714065,0.335244465679248,0.853003736256118,1,7,6,1.65986862756288,0.771098275367163,0.582111440663627,-1.61845419590486,0.100385345404976,0.853003736256118,0.615942028985507,0.767319636884854,NFRAPARM,SN217,S
2,0.198297900655686,0.959000079611496,0.246858152600294,1,2,1,0.171109032473131,0.0786378538332808,0,0,0.842724292333438,0.246858152600294,1,1,FRATPAR,SN217,N
7,1.54854512229035,0.375570871045421,0.802936507395281,1,7,6,1.5624422987875,0.741841899265874,0.635354590679933,-1.51200281719362,0.134517784189814,0.802936507395281,0.667026488416508,0.816407871792743,NFRATPARM,SN217,S
2,0.286306243720764,0.909920264348826,0.436735908291054,1,2,1,0.302722263481231,0.163930753752378,0,0,0.672138492495244,0.436735908291054,1,1,FIGLIPA,SN217,N
4,0.871461755983507,0.427432216905901,0.829829620939076,1,4,3,1.1503881241981,0.643056096090596,-0.0123965164177567,-2.40424046943665,0.142591871879205,0.829829620939076,0.824561403508772,0.936204146730462,NFIGLIPAM,SN217,S
4,0.872318588027414,0.429260450160772,0.82901075411190694,1,4,3,1.14925293373308,0.642416073034812,-0.00910755926015072,-2.40466793450225,0.143445235953585,0.82901075411190694,0.82556270096463,0.935691318327974,NFIGPBIOM,SN217,S
2,0.497245158098847,0.642857142857143,0.940285958670631,1,2,1,0.651756561172653,0.459183673469388,0,0,0.0816326530612245,0.940285958670631,1,1,NFIGPADOM,SN217,S
6,1.15211440915473,0.371576763485477,0.784210766969439,1,13,12,1.40511706758809,0.724808772805794,0.205954789802529,-1.85363990212631,0.130229472633047,0.784210766969439,0.675656984785616,0.831051175656985,TITPARM,SN217,O
2,0.243943187906416,0.936458407205163,0.341346167995189,1,2,1,0.236603133940807,0.119008117559865,0,0,0.761983764880271,0.341346167995189,1,1,TITPAE,SN217,N
18,3.5896336682601,0.151785714285714,0.876980393101905,5,22,17,2.53479936045042,0.90629733338648,0.777310705474767,-0.550981420826535,0.0403910587672569,0.876980393101905,0.296875,0.431919642857143,TITPANE,SN217,S
86,16.8746541091344,0.0239674727156003,0.945382290001366,1925,2016,91,4.21106104739353,0.98379637336163706,-0.0925789876545248,-1.27573354559005,0.004629551657638,0.945382290001366,0.0479349454312005,0.0714030957985591,TITPANNO,SN217,S
42,19839.0730826984,0.0777390090718772,0.894419956207652,11000,93000,82000,3.34304629630368,0.957977413075989,0.802136984465229,-0.388449797803434,0.0186572841660598,0.894419956207652,0.147522679692952,0.21102581995813,CODPROPA,SN217,N
4,0.940341404340919,0.383452330953381,0.903552793642929,1,4,3,1.25259014280132,0.693656276671471,-0.31498368420136,-1.98922304538226,0.0751249644380392,0.903552793642929,0.704745905081898,0.931401371972561,ATECPAM,SN217,N
3,0.539402340685508,0.831303625795738,0.511804993732086,1,3,2,0.562275255515775,0.293300387037644,0.378394161547585,-2.33333333333333,0.560049419443534,0.511804993732086,0.942153335178522,1,PIEPAPAR,SN217,N
56,10.3744189402337,0.383061168004428,0.611325840037599,2,60,58,2.46080150378543,0.820780304906575,5.60274018968351,34.1458860911999,0.164296416822396,0.611325840037599,0.499861610849709,0.577774702463327,ORELAPAM,SN217,S
8,2.06604079958033,0.718693787186938,0.466807183405515,1,8,7,0.970698249127986,0.455714429283864,1.72218224755451,1.35715604869933,0.47918350938987,0.466807183405515,0.86799501867995,0.927355749273557,POSIPA,SN217,N
2,0.479970957781567,0.640555555555556,0.942221069949456,1,2,1,0.653097878099641,0.460488271604938,0,0,0.0790234567901234,0.942221069949456,1,1,DIPPA,SN217,N
13,3.63382757156604,0.33693972179289,0.77244090557335,1,15,14,1.98127180442737,0.810340914791607,1.55017764652388,1.33890275377069,0.122130675642425,0.77244090557335,0.545595054095827,0.666151468315301,NDIPPAM,SN217,S
2,0.404266723825164,0.794871794871795,0.732066690093194,1,2,1,0.507429962219949,0.326101249178172,0,0,0.347797501643655,0.732066690093194,1,1,ALBOPA,SN217,N
2,0.424880825220293,0.763631292706735,0.788949236586634,1,2,1,0.546857938944947,0.360997083011551,0,0,0.278005833976898,0.788949236586634,1,1,LAVMANPA,SN217,N
6,0.743396574561292,0.46726992683866,0.573115224343586,1,6,5,1.02688463017638,0.588717484363715,0.519342463720085,-1.94503901700224,0.293539018763542,0.573115224343586,0.900847131305352,0.962456680785522,POSDIPPA,SN217,O
2,0.131211936886642,0.982479784366577,0.127281179194696,1,2,1,0.088224590497149,0.0344265153551631,0,0,0.931146969289674,0.127281179194696,1,1,CONTRAPA,SN217,N
3,0.540326603437428,0.701578744705429,0.652719880052889,1,3,2,0.717086081284078,0.437101975873646,0.197176060590157,-2.33333333333333,0.344347036189531,0.652719880052889,0.965152098575279,1,PRIPUBPA,SN217,N
3,0.819650675701619,0.750096264921063,0.609215186026024,1,3,2,0.66929128981141806,0.391117220204172,0.292705038319825,-2.33333333333333,0.413324169693742,0.609215186026024,0.96168656141702,1,TURNIPA,SN217,N
3,0.772961622092311,0.384289564882557,0.979078441527265,1,3,2,1.07562760743187,0.652235058698249,-0.384010611707302,-2.33333333333333,0.0216474119526262,0.979078441527265,0.764728532922603,1,FLEXIPA,SN217,O
2,0.34917298696325,0.857912976511359,0.589678549787427,1,2,1,0.408734024221832,0.243796602489558,0,0,0.512406795020883,0.589678549787427,1,1,TEMDETPA,SN217,N
5,1.77568565236721,0.388888888888889,0.830570447636576,1,5,4,1.33675156737367,0.698551714514435,0.150222280674078,-2.16947564451095,0.126810356856956,0.830570447636576,0.731707317073171,0.897018970189702,DETERPA,SN217,N
5,1.02728625493568,0.394820829798408,0.87321016099249,1,5,4,1.405377538624,0.724719215874249,0.224536323499867,-1.73513812116901,0.0941009801571886,0.87321016099249,0.664485112915606,0.816870682341534,TINTM,SN217,O
2,0.263609242952645,0.924868300025086,0.384788709230737,1,2,1,0.266715208914586,0.138973855267588,0,0,0.722052289464825,0.384788709230737,1,1,TINTE,SN217,N
18,3.65469733182313,0.184121621621622,0.862842910815295,5,22,17,2.49393678092145,0.899763361334307,0.959701022873138,-0.0427449616715232,0.0473093821166158,0.862842910815295,0.311936936936937,0.439752252252252,TINTANE,SN217,S
90,20.2903247009693,0.0242495191905678,0.959290760609703,1926,2016,90,4.31662584125002,0.985754862715191,-0.403676698272496,-0.874280574703355,0.00316923995093031,0.959290760609703,0.0443598963124007,0.0632577974747052,TINTANNO,SN217,S
2,0.420886837468253,0.769929495220381,0.778134188966041,1,2,1,0.539361519179111,0.35427613522014,0,0,0.29144772955972,0.778134188966041,1,1,RIPANN,SN217,N
2,0.429805563161255,0.755542922114838,0.802374009841771,1,2,1,0.556163282676401,0.36939562991402,0,0,0.261208740171961,0.802374009841771,1,1,NRIPANNM,SN217,N
3,0.694366328060204,0.81069839024999,0.547286505576295,1,3,2,0.601255680448346,0.322056990390816,0.370906817685532,-2.33333333333333,0.516914514413776,0.547286505576295,0.942722848467202,1,ISCRINT,SN217,N
5,1.20348199895687,0.35899967094439,0.890824804461614,1,5,4,1.43372721363722,0.733093888260338,0.122676435838137,-2.11575841528115,0.0836326396745782,0.890824804461614,0.663047054952287,0.846001974333662,NISCRINTM,SN217,S
4,0.52744516674009,0.708119970738844,0.505418524640138,1,4,3,0.700658850714158,0.428439403239383,0.496480409056618,-1.90448530048369,0.428747462347489,0.505418524640138,0.971470373079737,0.999268471104609,CORSINTM,SN217,O
12,3.44485102018864,0.135718534885697,0.978032531460045,1,12,11,2.43031954113406,0.907526712923257,0.387736541515151,-0.841454028665847,0.00997085862917454,0.978032531460045,0.266508030933968,0.357950199711056,LAVORME,SN217,O
67,11.963540484853601,0.0783582089552239,0.864688157966134,1946,2016,70,3.63574791587497,0.967703752768475,1.3972029761383,2.24529455117308,0.017634069159275,0.864688157966134,0.136194029850746,0.186736770691995,LAVORAN,SN217,S
40,19348.4804932956,0.0836756938039742,0.903141566087003,11000,93000,82000,3.33158036729463,0.957396743945444,0.80383276651513,-0.32413602167972,0.0180546215944164,0.903141566087003,0.146809759369498,0.206757776473547,CODPRO,SN217,N
4,0.677957130323855,0.51990238155348,0.68856786296245,1,4,3,0.954557745673218,0.572621773050518,0.0612707655884489,-2.29579078628764,0.23650430259931,0.68856786296245,0.90675755280653,0.992594462677775,LAVDOVE,SN217,N
13,3.18263423207455,0.261089133911287,0.819332153603589,1,13,12,2.1015454809331,0.845375365863544,0.950566591152912,-0.495038322826876,0.084176686981161,0.819332153603589,0.425721740594226,0.583368403333053,LAVCOME,SN217,N
4,0.911516342652295,0.388058433837269,0.886709520778415,1,4,3,1.22924040860644,0.684434532832533,-0.282801205125632,-2.07045640187212,0.0874206228899565,0.886709520778415,0.729828435535927,0.941311364022422,ATECATTM,SN217,N
3,0.593373656951926,0.808068153345026,0.562991202487253,1,3,2,0.618509053464532,0.327931685207053,0.381450260268001,-2.33333333333333,0.50810247218942,0.562991202487253,0.922408753027646,1,PIEPAR,SN217,N
60,11.2738609327977,0.339016449623029,0.65070075494953,1,60,59,2.66419309766143,0.852728080205536,5.53862698453333,34.0831505912828,0.132818901485896,0.65070075494953,0.452193283070596,0.526816312542838,ORESETLAM,SN217,S
8,2.02641562208183,0.723127035830619,0.477531557198684,1,8,7,0.992998957502003,0.453053070234889,1.74927705533786,1.42905394906622,0.482225062588698,0.477531557198684,0.860352459700994,0.916979871377265,POSI,SN217,N
2,0.469188215348122,0.673041559396837,0.911788597130558,1,2,1,0.632003695367754,0.440113237443022,0,0,0.119773525113956,0.911788597130558,1,1,DIP,SN217,N
15,4.12196160219883,0.279376498800959,0.770276060527438,1,15,14,2.08594624061555,0.837419273214522,1.33828222039445,0.651364703458282,0.102765064413012,0.770276060527438,0.489208633093525,0.621103117505995,NDIPM,SN217,S
2,0.410109806572423,0.786466165413534,0.748183457867025,1,2,1,0.518601254362119,0.335874272146532,0,0,0.328251455706937,0.748183457867025,1,1,ALBO,SN217,N
2,0.443763856410253,0.731788079470199,0.838887137142427,1,2,1,0.581472253918277,0.392548572431034,0,0,0.214902855137933,0.838887137142427,1,1,PERCOL,SN217,N
6,0.753789569836229,0.454377454377454,0.603792780029019,1,6,5,1.08185143106853,0.600784189488278,0.517383813596455,-1.95368912171826,0.279058972614066,0.603792780029019,0.887156387156387,0.953915453915454,POSDIP,SN217,O
2,0.181768346659962,0.965794066317627,0.215064472095564,1,2,1,0.149071332471653,0.0660717755665809,0,0,0.867856448866838,0.215064472095564,1,1,CONTRA,SN217,N
3,0.531960258835644,0.72451343836886,0.630435256868627,1,3,2,0.692603920405509,0.415824880759224,0.243078447634829,-2.33333333333333,0.376262678861164,0.630435256868627,0.965477293790547,1,PRIPUB,SN217,N
2,0.155748855875461,0.97512765606984,0.16798573475824,1,2,1,0.116438838421965,0.0485074208751592,0,0,0.902985158249682,0.16798573475824,1,1,NONPR,SN217,N
3,0.827707148520855,0.736842105263158,0.634848182714924,1,3,2,0.697452014969233,0.407606526964144,0.288138447022351,-2.33333333333333,0.388590209553783,0.634848182714924,0.95453477443609,1,TURNILA,SN217,N
3,0.482667780588707,0.913166588013214,0.320366315652948,1,3,2,0.351958371251656,0.162067128550624,0.383906243669609,-2.33333333333333,0.756899307174064,0.320366315652948,0.968617272298254,1,DATASI,SN217,N
3,0.541297232837486,0.768839465278599,0.59746365633419,1,3,2,0.656380914881321,0.372556507574068,0.329072033801271,-2.33333333333333,0.441165238638897,0.59746365633419,0.953744232816751,1,DATCUR,SN217,N
3,0.540651151213755,0.71523178807947,0.643923412988921,1,3,2,0.707422174470739,0.425691782897098,0.231561919574292,-2.33333333333333,0.361462325654353,0.643923412988921,0.9629848628193,1,DATIST,SN217,N
3,0.434711691805968,0.910627733774678,0.329702543909111,1,3,2,0.362215266343686,0.166690729848967,0.384648343636052,-2.33333333333333,0.74996390522655,0.329702543909111,0.961342948339047,1,DATALL,SN217,N
3,0.446689777985955,0.901556236736619,0.35333675841847,1,3,2,0.388180104836686,0.18218379534708,0.38430334115068,-2.33333333333333,0.72672430697938,0.35333675841847,0.959915114359821,1,DATVAC,SN217,N
3,0.542110738914176,0.835004127845265,0.506001380884866,1,3,2,0.555899335123147,0.288125421622259,0.380188711629846,-2.33333333333333,0.567811867566612,0.506001380884866,0.940205212878877,1,DATPRE,SN217,N
3,0.754772733255977,0.422550052687039,0.978096465434061,1,3,2,1.0745487964287,0.650809848090331,0.00394468877169607,-2.33333333333333,0.0237852278645038,0.978096465434061,0.755532139093783,1,FLEXI,SN217,O
2,0.37617524415616,0.829406329406329,0.659061045552903,1,2,1,0.456826305541884,0.282982940294098,0,0,0.434034119411805,0.659061045552903,1,1,TEMDET,SN217,N
5,1.66981363468093,0.421016005567154,0.872659513543835,1,5,4,1.40449130574375,0.716228669776641,0.458834211832762,-1.67468807408811,0.104714162779199,0.872659513543835,0.675017397355602,0.848990953375087,DETER,SN217,N
2,0.288194329774598,0.90865712338105,0.440936351798173,1,2,1,0.305633789055292,0.165998711019851,0,0,0.668002577960298,0.440936351798173,1,1,PERDET,SN217,N
2,0.391295240604555,0.811287896778279,0.69876949173399,1,2,1,0.484350103056721,0.306199690638711,0,0,0.387600618722578,0.69876949173399,1,1,CERCLA,SN217,N
2,0.428149368775474,0.758389261744966,0.797708635865924,1,2,1,0.552929491858785,0.366469978829782,0,0,0.267060042340435,0.797708635865924,1,1,QCERCLA,SN217,N
2,0.11138588207352,0.98743648960739006,0.0973447263309811,1,2,1,0.067474222598699,0.0248113371984491,0,0,0.950377325603102,0.0973447263309811,1,1,NOCERCLA,SN217,N
2,0.498725707139596,0.537825810553083,0.995867660158838,1,2,1,0.690282860849929,0.497138416112004,0,0,0.00572316777599099,0.995867660158838,1,1,CENPUB,SN217,N
2,0.479851082565295,0.641042345276873,0.941814561445477,3,4,1,0.652816107876234,0.460214113677599,0,0,0.0795717726448026,0.941814561445477,1,1,COLPRI,SN217,N
2,0.196537438327094,0.959781867757328,0.243291424961963,5,6,1,0.168636765266796,0.0772012681631662,0,0,0.845597463673668,0.243291424961963,1,1,CONCPUB,SN217,N
2,0.341924603748656,0.86491935483871,0.571209028032085,7,8,1,0.395931927290827,0.2336677289282,0,0,0.5326645421436,0.571209028032085,1,1,DOMCONC,SN217,N
2,0.491508777136892,0.592592592592593,0.975119064940866,1,2,1,0.675901030574011,0.482853223593964,0,0,0.0342935528120713,0.975119064940866,1,1,OFFGIO,SN217,N
2,0.416078047866044,0.777479892761394,0.764742520238815,3,4,1,0.530079121757842,0.346009818226251,0,0,0.307980363547499,0.764742520238815,1,1,INSERZ,SN217,N
2,0.471555394381322,0.666666666666667,0.918295834054489,5,6,1,0.636514168294813,0.444444444444444,0,0,0.111111111111111,0.918295834054489,1,1,CURPRI,SN217,N
2,0.424621188037173,0.764207980652962,0.787972244649989,7,8,1,0.546180739738631,0.360388285918568,0,0,0.279223428162865,0.787972244649989,1,1,AMIPAR,SN217,N
2,0.467256487236716,0.67833433916717,0.906183613136382,1,2,1,0.628118616515107,0.436393726947618,0,0,0.127212546104764,0.906183613136382,1,1,INTRT,SN217,N
2,0.43544920551986,0.745989304812834,0.817573259909606,3,4,1,0.566698600007547,0.378978523835397,0,0,0.242042952329206,0.817573259909606,1,1,AGENZ,SN217,N
2,0.22507834076172,0.946513202437373,0.301027918929413,5,6,1,0.20865665327575,0.101251920098243,0,0,0.797496159803514,0.301027918929413,1,1,TERRENI,SN217,N
2,0.131636435805273,0.982372881355932,0.127901736662221,7,8,1,0.088654728156139,0.0346328066647517,0,0,0.930734386670497,0.127901736662221,1,1,PERMES,SN217,N
2,0.385572394881582,0.81848626925653,0.683377349983579,1,2,1,0.473681083399645,0.297132992590114,0,0,0.405734014819773,0.683377349983579,1,1,ALTRIC,SN217,N
2,0.198693388801679,0.958847736625514,0.247550558530386,1,2,1,0.171588971691377,0.0789175091872851,0,0,0.84216498162543,0.247550558530386,1,1,DISPLA,SN217,N
2,0.464814951439698,0.684293482543936,0.899651199939659,1,2,1,0.623590692725546,0.432071824583656,0,0,0.135856350832688,0.899651199939659,1,1,LAVMAN,SN217,N
12,2.60354848503865,0.41285311433236,0.735386769848061,1,12,11,1.82736747456157,0.763219880243937,1.82934317652718,2.22522431960495,0.167396494279341,0.735386769848061,0.626329589867907,0.715678028991243,LAVPRI,SN217,N
6,0.824915127502289,0.67225187207811,0.594696260071627,1,6,5,1.06555265529785,0.516302876351561,1.26339790004546,-0.243099738817203,0.380436548378127,0.594696260071627,0.80890323114476,0.887137478796905,TIPAB,SN217,N
9,2.64745476096708,0.192473209011898,0.911527301639721,1,9,8,2.00283019007576,0.854771458004763,-0.357179595091561,-1.58453196850201,0.0383821097446417,0.911527301639721,0.362838579022867,0.523753269766264,ESEC,SN217,N
9,2.66775538939845,0.197101857062465,0.915096446378454,1,9,8,2.01067240261578,0.856011155485477,-0.356201251131496,-1.48969862723112,0.0369874500788383,0.915096446378454,0.364518851997749,0.510973550928531,ESEC_PA,SN217,N
9,2.57650902173698,0.199278054995222,0.903605411328864,1,9,8,1.98542401798578,0.8523908812146,-0.277969777962567,-1.43760413510349,0.0410602586335754,0.903605411328864,0.386346745939059,0.536999681494851,ESEC_M,SN217,N
9,2.54664167476583,0.272137632825797,0.894110260050124,1,9,8,1.96456103823061,0.837147484267674,0.65294019353193,-0.826489121716662,0.0582090801988669,0.894110260050124,0.443672662035972,0.606835641013846,ESEC_P,SN217,N
4945,1405.51480112823,0.00254514604290389,0.966346393164234,146,7062,6916,8.2198702138223,0.99965934511224,2.76940594176658,20.583328383397,1.3845841827902e-4,0.966346393164234,0.00468630065042621,0.0066658586837959,COEFIN_IND,SN217,S
3710,1082.21239270971,0.00448430493273543,0.940102248900142,45,6288,6243,7.72650028821255,0.999389207971617,2.7022557432345,17.7009869234631,3.413422554065e-4,0.940102248900142,0.00812022785116956,0.0109077687553024,COEFIN_FAM,SN217,S
1,0,1,0,2024,2024,0,0,0,0,0,NA,0,1,1,ANNO,SN267,S
4,1.13261424964386,0.261073348252567,0.999559008250973,1,4,3,1.38568301674491,0.749694480148152,-0.0119004432896703,-2.21393972327651,4.0735980246334e-4,0.999559008250973,0.516472507477046,0.761242758245665,TRIM,SN267,O
4,1.12860693499759,0.263704431849079,0.998953987785395,1,4,3,1.38484428028512,0.749283581518165,-0.404606402998628,-1.95775020327059,9.5522464244676e-4,0.998953987785395,0.522824336477527,0.771028799698827,WAVQUA,SN267,O
19,6.12559835629356,0.115125593457846,0.948300601930408,1,20,19,2.79221325629089,0.930584578481237,0.713092878578325,-0.804392450106821,0.0177162782698053,0.948300601930408,0.224403404931713,0.323667203480225,REGMCR,SN267,N
20,6.17165614867922,0.115800054320449,0.947850742178317,1,20,19,2.83950705885569,0.93325205264496,0.876065223373831,-0.385448799021671,0.0176294182684632,0.947850742178317,0.221497433706999,0.324030763016596,REGNAS,SN267,N
61207,16866.7071540472,4.1976329547768e-5,0.994478108233469,1,61211,61210,10.9611544569995,0.999981833499606,-0.0146005242840783,0.31447879035566,1.82852971324075e-6,0.994478108233469,8.3952659095536e-5,1.2383017216591e-4,MCRFAM,SN267,N
125012,34693.7712266057,8.36592558509192e-6,0.998673682675344,1,125018,125017,11.7205991326967,0.99999180726148,-3.50639550032075,11.4960398155036,1.93507994175942e-7,0.998673682675344,1.67318511701838e-5,2.50977767552758e-5,MCRIND,SN267,N
17,2.43451698242668,0.487175036078054,0.481761173838758,1,17,16,1.36493218636816,0.669967624197808,2.2297268060654,4.14915303301373,0.28815939928983,0.481761173838758,0.702854872105913,0.912737121703302,RELPARM,SN267,N
7,1.35808215885095,0.412677691050017,0.769543054585842,1,7,6,1.49746164005362,0.727580561021518,0.69665389751344,-1.1514853522747,0.151156012141563,0.769543054585842,0.655405816659985,0.839079543045677,TFMCR,SN267,N
3,0.426205211778288,0.771936305117544,0.515010220568562,0,2,2,0.565796557106296,0.354901219586082,0.260043852209278,-2.33333333333333,0.467648170620877,0.515010220568562,0.993686760036016,1,NN2M,SN267,N
4,1.09050735204418,0.286198812489637,0.996939917062213,0,3,3,1.38205218539868,0.747852062670621,0.321910882314623,-1.85141681874319,0.00286391643917256,0.996939917062213,0.534218054439102,0.778249545081529,RPN2M,SN267,N
5,1.09070718076124,0.427358912309349,0.818088262582258,0,4,4,1.31666226551723,0.697541048647733,0.197403013190545,-1.77433496715312,0.128073689190333,0.818088262582258,0.679250470659595,0.901000925578067,TN2M,SN267,N
7,1.27805544317064,0.308029197080292,0.816383755167139,1,7,6,1.58860943470362,0.775920379895888,-0.0117807440618534,-1.8467291191235,0.0947595567881304,0.816383755167139,0.518856796268797,0.724733858992324,QSF04MCR,SN267,O
17,4.66131227219035,0.193683726183256,0.939325535560588,1,17,16,2.66130964176301,0.915655574764924,2.10350428121382,4.8185272098481,0.0271159518122678,0.939325535560588,0.27053311860791,0.346842908832326,CLETAS,SN267,O
3,0.472587760199371,0.923543806077845,0.287356184674854,1,3,2,0.315693035708577,0.143601789800132,0.383105297503559,-2.33333333333333,0.784597315299802,0.287356184674854,0.97823813607178,1,CITTAD,SN267,N
5,1.2997221928366,0.424864147875572,0.808554324893717,1,9,8,1.30131798474651,0.684711254973125,0.262798826008862,-2.04121197019298,0.144110931283594,0.808554324893717,0.754845749005177,0.884279662830003,QSF24MCR,SN267,O
5,1.2578962192388,0.821720144294665,0.409702781345138,1,9,8,0.659391189126564,0.311904396367451,1.04670653752347,-0.952719598008549,0.610119504540687,0.409702781345138,0.918739320296184,0.97474843364344,QSF27MCR,SN267,O
148,124.121324544516,0.107751731486414,0.762076595637495,201,719,518,3.80825851726806,0.961104878291428,4.22196216881228,21.0962787503556,0.0323569932848209,0.762076595637495,0.194858817261588,0.265050612679808,REPSES,SN267,N
4,1.47217711465885,0.454985045908017,0.823001785149034,1,6,5,1.14092273394371,0.637678854647029,0.0377563053396578,-2.35223315231123,0.149761527137294,0.823001785149034,0.828483885135842,0.937688494760839,STACIM,SN267,N
5,1.25905187326601,0.479010949609731,0.676891018729621,1,9,8,1.08941406812959,0.611084021434296,0.307054774148465,-2.1466040841711,0.23614497320713,0.676891018729621,0.867501447996249,0.938701492125658,AMATRMCR,SN267,O
4,0.621574362339364,0.864547596950959,0.344768466094153,1,4,3,0.477950580438279,0.241315502380395,0.727695569238299,-1.70304702512904,0.67824599682614,0.344768466094153,0.964851041199595,0.999210106466178,NASPAD,SN267,N
4,0.637842514527787,0.852287561344638,0.367062034109242,1,4,3,0.508856028066839,0.260583372568769,0.723963256823597,-1.70549518138879,0.652555503241642,0.367062034109242,0.958982464062618,0.999460193136667,NASMAD,SN267,N
2,0.0457617619821944,0.997901465745464,0.0216937709442496,1,2,1,0.0150369761657198,0.00418826081703738,0,0,0.991623478365926,0.0216937709442496,1,1,QB04BIS,SN267,N
4,1.21541176896295,0.403179190751445,0.898261360155594,1,4,3,1.24525465839558,0.689206121153396,-0.197022753508272,-1.98846575875936,0.0810585051288048,0.898261360155594,0.710982658959538,0.932080924855491,QBTEMP,SN267,N
2,0.416538546278443,0.776580295039364,0.766362805817598,1,2,1,0.531202218138477,0.347006680791877,0,0,0.305986638416247,0.766362805817598,1,1,DIPIND,SN267,N
3,0.817792554856379,0.776580295039364,0.525855470879937,1,3,2,0.577711282372055,0.352045684836961,0.278178040084236,-2.33333333333333,0.471931472744559,0.525855470879937,0.98808788856943,1,DIPAUT,SN267,N
10,2.44970861721443,0.364254258315253,0.679983047131292,1,13,12,1.56571882781318,0.726795201209919,1.10059901720629,-0.635070188889536,0.192449776433424,0.679983047131292,0.708576602637598,0.831043221091375,POSPRO,SN267,N
2,0.212496740656013,0.952598498344887,0.275254455785296,1,2,1,0.19079184996414,0.0903091985919071,0,0,0.819381602816186,0.275254455785296,1,1,ASSOCC,SN267,N
4,0.694369995843804,0.469038407667906,0.704974589959714,1,4,3,0.977302298793959,0.578544174612894,-0.0079513515489756,-2.41977991019645,0.228607767182808,0.704974589959714,0.912426277416473,0.978922344283519,QC05BIS,SN267,N
7,2.2080520713956,0.438110897962912,0.703957397312239,1,9,8,1.36983784393245,0.671855076681823,0.781707466773856,-1.46327014139621,0.21616907720454,0.703957397312239,0.793550744496209,0.856947108796931,QC24MCR,SN267,O
3,36.1674776582563,0.972941985783077,0.118007642477573,1,997,996,0.129644646182614,0.0527198468473743,0.384059703424988,-2.33333333333333,0.920920229728938,0.118007642477573,0.998677085354453,1,INIATT,SN267,N
9,1.03316486562063,0.704656268927922,0.4630439853684,1,9,8,1.01741162503916,0.475936649217973,1.92363968548573,2.20147759800069,0.46457126962978,0.4630439853684,0.838029981829194,0.928104179285282,QC31MCR,SN267,O
4,28.4247465946255,0.914532510826557,0.223498431743074,1,997,996,0.309834615644562,0.156969658018078,0.734328289530144,-1.6987557949967,0.790707122642563,0.223498431743074,0.996082188366514,0.999182166557622,QC31A,SN267,N
9,1.28424629564594,0.60547745459463,0.604614916601503,1,9,8,1.32847475458091,0.599101714220147,1.87713509384646,2.09443759500866,0.326010571502335,0.604614916601503,0.726485927127982,0.8293028533799,QC32MCR,SN267,O
9,2.23428244906163,0.258301293254107,0.85861843647912,1,9,8,1.88657753118592,0.821189405875333,0.434089728352244,-1.65986539768468,0.0761619183902501,0.85861843647912,0.484679016660841,0.674123266922987,QC33MCR,SN267,O
9,1.03149547927786,0.592281356987239,0.550329350798804,1,9,8,1.20919717520462,0.584953431868996,1.61821432859208,1.18808483079656,0.34192738914738,0.550329350798804,0.82889822595705,0.895347027699969,QC35MCR,SN267,O
3,67.8204587002313,0.951599837991089,0.190337526347176,1,997,996,0.209107145439697,0.0925226555747323,0.38259724612907,-2.33333333333333,0.861216016637902,0.190337526347176,0.99534224382341,1,QC35A,SN267,N
8,0.968948614014703,0.943052768756593,0.143123777078032,0,9,9,0.297617527658183,0.109649570553929,1.85355908005252,1.69694793314535,0.874686205081224,0.143123777078032,0.968695915989216,0.984154893159299,QC43MCR,SN267,O
9,1.19254305090883,0.579895936846133,0.628588756955506,1,9,8,1.38115066581986,0.623040867125631,1.81080664883301,1.90073141694323,0.299079024483665,0.628588756955506,0.716647018522748,0.825283766518328,QC44MCR,SN267,O
5,0.817356260254411,0.555430123648422,0.643518163418973,1,5,4,1.03570252954646,0.577094779673683,0.50480691911646,-1.79989238946553,0.278631525407896,0.643518163418973,0.882766243921942,0.961594317934607,LAVSPE,SN267,O
20,5.57100708383349,0.184787135429961,0.917279994669674,1,20,19,2.74792528391738,0.919446295408793,1.84086283542807,3.66511647234027,0.0321617943065332,0.917279994669674,0.283205932533552,0.363609495277886,REGSPE,SN267,N
4,1.23965135600632,0.361455558887341,0.962982852704502,1,4,3,1.3349776985594,0.72443317065221,0.132096119278134,-2.14940095963011,0.0340891057970536,0.962982852704502,0.647516742219792,0.845706994984684,QC58MCR,SN267,O
5,0.895962531577505,0.68740764508693,0.573517413598728,1,9,8,0.92304066888694,0.482327509736214,0.913292371082232,-1.13562768365221,0.397090612829732,0.573517413598728,0.883786910300687,0.954115968217244,QC64MCR,SN267,O
9,1.45855376556132,0.552654942703097,0.668550857109301,1,9,8,1.46895637443975,0.653859914393068,1.81822903031213,1.93846276156241,0.264407596307798,0.668550857109301,0.682282939104769,0.787469352477378,ORELAMCR,SN267,O
8,2.17703446231996,0.263620386643234,0.901846640129948,1,8,7,1.8753373677106,0.825738739378739,0.325943191011666,-1.57992797473054,0.0562985835671551,0.901846640129948,0.468658465143527,0.637375512595196,PROF1S,SN267,N
2,0.499583122632185,0.523725834797891,0.998375159873149,1,2,1,0.692020927207158,0.498874169526286,0,0,0.00225166094742727,0.998375159873149,1,1,DIPINS,SN267,N
3,0.937634085577836,0.476274165202109,0.882646389862153,1,3,2,0.969686170451105,0.593803591057738,-0.328885916701057,-2.33333333333333,0.109294613413392,0.882646389862153,0.883421206795548,1,DIPAUS,SN267,N
12,3.65048326358275,0.231400117164616,0.847893089114732,1,12,11,2.10693517545049,0.85070159778355,0.777204138265707,-1.08459370614311,0.0719618933270361,0.847893089114732,0.423550087873462,0.611013473930873,CAT12S,SN267,N
5,1.20100649995167,0.787932044522554,0.494974943180286,1,5,4,0.796631439259267,0.36660856482268,1.06510632446042,-0.929486561167173,0.541739293971651,0.494974943180286,0.857644991212654,0.924428822495606,CAT5S,SN267,N
3,0.555319619523107,0.854715875805507,0.46879694561096,1,3,2,0.515026085338277,0.258889873840408,0.384827295246726,-2.33333333333333,0.611665189239388,0.46879694561096,0.9302870533099,1,CAT3S,SN267,N
9,1.25555769000829,0.393917963224894,0.662823767611261,1,9,8,1.45637267263805,0.719677342557452,0.869710088265884,-0.963293902771258,0.190362989622866,0.662823767611261,0.693069306930693,0.851485148514851,QD08MCR,SN267,O
8,1.78381903657974,0.259519625073228,0.894186592126295,0,9,9,1.85940874568054,0.826605633991329,0.130486669853928,-1.43127748057933,0.0553078468670526,0.894186592126295,0.461628588166374,0.615114235500879,QD09MCR,SN267,O
9,1.07135669073957,0.577617328519856,0.594324303738445,1,9,8,1.30586396708235,0.611424624327177,1.67709844900918,1.42647590117564,0.312147297631925,0.594324303738445,0.783393501805054,0.862815884476534,QD11MCR,SN267,O
2,0.474690095036977,0.657067463474262,0.927597334689853,1,2,1,0.642961477235192,0.450659623835522,0,0,0.0986807523289548,0.927597334689853,1,1,ESPLAV,SN267,N
3,0.745564880925486,0.677309048386811,0.775655212668915,1,3,2,0.852144348407546,0.48905574445775,0.38361348414123,-2.33333333333333,0.266416383313375,0.775655212668915,0.846778051416524,1,QE02MCR,SN267,O
9,1.99215830852441,0.247771738135764,0.89841562534422,1,9,8,1.97402089266921,0.846141404689661,0.242929729779426,-0.902398268504255,0.0480909197241309,0.89841562534422,0.41197679313311,0.554420834934754,PROF1E,SN267,N
2,0.371127196337,0.835062867182782,0.645990989329465,1,2,1,0.447766832920848,0.275465750070507,0,0,0.449068499858985,0.645990989329465,1,1,DIPINE,SN267,N
3,0.685649563833138,0.835062867182782,0.484012703575782,1,3,2,0.531742304019829,0.284377540418035,0.363758446321856,-2.33333333333333,0.573433689372948,0.484012703575782,0.96595838137594,1,DIPAUE,SN267,N
12,3.79433898362823,0.161679386518787,0.93600627477618,1,12,11,2.32588821643462,0.892075569817226,0.238198313412366,-1.18607775627564,0.026826651108481,0.93600627477618,0.318289134134959,0.437800838229104,CAT12E,SN267,N
5,1.35078115411797,0.59977305587584,0.742945943013887,1,5,4,1.19572536757565,0.593748683738527,0.991280748292308,-1.02061747254178,0.257814145326842,0.742945943013887,0.756382803492011,0.875894507586156,CAT5E,SN267,N
3,0.586102976907464,0.719284759969985,0.672349824017609,1,3,2,0.738651778949587,0.430158799069821,0.291415249395068,-2.33333333333333,0.354761801395268,0.672349824017609,0.940482073244386,1,CAT3E,SN267,N
124,231.237810390931,0.136071987480438,0.678638212392532,0,999,999,3.27122726491088,0.94049570068647,3.89716709741917,17.3916502431602,0.0518579928038842,0.678638212392532,0.25,0.328560250391236,DURRIC,SN267,S
123,172.099164206316,0.117742625053442,0.708813622649861,0,999,999,3.41094182579051,0.948920388358742,3.58416750072095,14.7078006809091,0.0433015756711038,0.708813622649861,0.224369388627619,0.292603676784951,DURAD,SN267,S
137,154.314177940938,0.039185462104971,0.829063135522319,0,888,888,4.07897481307707,0.977820695784568,1.64659484216299,1.54093600441015,0.0149894461581926,0.829063135522319,0.0777212782669809,0.115873212735423,DURNOC,SN267,S
6,2.14102091669041,0.578951486697966,0.745926274581018,1,9,8,1.33652046582654,0.625575319417811,1.30652931688204,-0.175001793334708,0.249309616698627,0.745926274581018,0.708372456964006,0.808215962441315,DRICMCR,SN267,O
6,1.8562475106249,0.572295852928602,0.739813030649577,1,9,8,1.32556700312468,0.628661609261037,1.2537569621401,-0.255235876383107,0.245606068886756,0.739813030649577,0.710987601539119,0.824198375374091,DRADMCR,SN267,O
5,1.27854809890373,0.731920648701003,0.589218244980755,1,5,4,0.94831018216991,0.445702525220156,1.06859979397249,-0.925625313053931,0.442871843474806,0.589218244980755,0.814006366530241,0.890469694016761,DNOCMCR,SN267,O
2,0.490425297524609,0.597611048898843,0.97233089926316,1,2,1,0.673968421395575,0.480944166265735,0,0,0.0381116674685292,0.97233089926316,1,1,QF02A,SN267,N
7,3.25255354825097,0.433139879189861,0.77162263455426106,1,9,8,1.50150831581994,0.710266864142737,0.890185559924737,-1.09745445442188,0.171355325166807,0.77162263455426106,0.724860831458013,0.801847684472344,QF06MCR,SN267,O
4,0.895176590610819,0.5336860670194,0.86495945162171906,1,4,3,1.19908841038054,0.641432895060173,0.723911149071821,-1.70473750108553,0.144756139919769,0.86495945162171906,0.714109347442681,0.86984126984127,QF32A,SN267,N
4,59.9900862924275,0.972766244343081,0.0996208926618122,1,998,997,0.1381038817468,0.0531622980727871,0.748983942813327,-1.68819079727116,0.929116935902951,0.0996208926618122,0.99635451315448,0.998669486797789,QG04BIS,SN267,N
3,0.386088596889199,0.899631720030498,0.343686708379985,1,3,2,0.377578441278144,0.183940434753612,0.37886153221422,-2.33333333333333,0.724089347869581,0.343686708379985,0.978845480658109,1,QH01A,SN267,N
8,1.60143542321522,0.316543347223754,0.795016900489124,1,8,7,1.65319116921463,0.769370768895977,0.616191979004259,-1.47083203918125,0.120719121261741,0.795016900489124,0.621359758699895,0.761126322906726,TISTUD,SN267,O
6,1.40786828000641,0.316543347223754,0.863355618751157,1,6,5,1.54692560520863,0.759237890566736,0.168942731300748,-1.9166816777254,0.0889145313199172,0.863355618751157,0.621359758699895,0.774752202247083,EDULEV,SN267,O
7,1.59277645697666,0.314433409898483,0.842216530406381,1,7,6,1.63887769421993,0.769255201418996,0.486017844678605,-1.71643634833924,0.102535598344505,0.842216530406381,0.619995492406623,0.759762056613455,HATLEV_D,SN267,N
3,0.724629998275338,0.475354493447206,0.918391209866322,1,3,2,1.00895586896391,0.612680027031129,-0.218506168528423,-2.33333333333333,0.0809799594533071,0.918391209866322,0.846607556452812,1,HATLEV3M,SN267,N
3,113.161171058608,0.635568309070549,0.648376509722317,1,997,996,0.712314401264675,0.472439175969247,-0.0576011570067588,-2.33333333333333,0.29134123604613,0.648376509722317,0.98691209406495,1,QH03E,SN267,N
6,1.51479703383043,0.612694151392158,0.704898757120607,1,6,5,1.26300902291793,0.590165405392868,1.30623146541741,-0.175055276832075,0.291801513528559,0.704898757120607,0.735633225638149,0.837634200528596,QH04MCR,SN267,O
15,203.383236531034,0.206095532319392,0.872547698316477,1,997,996,2.36290296989721,0.876382665101527,1.31427287990333,0.0822996955434028,0.0610185731055064,0.872547698316477,0.406766415618602,0.554095678560983,HATFIELD,SN267,N
6,107.85220863208001,0.773935489376227,0.414760553985116,1,997,996,0.743151150065106,0.372244880347692,1.24920452241274,-0.292759885890557,0.553306143582769,0.414760553985116,0.940630599880536,0.962731461728817,HATWORKD,SN267,N
7,60.0376383135732,0.524375811805455,0.58589159057806794,1,997,996,1.14009239235202,0.620964571878373,0.887447183717838,-0.892381086601338,0.275541332808565,0.58589159057806794,0.805195554914129,0.961004473950065,COISTR,SN267,N
5,2.62278183036163,0.513425549227014,0.817339841366629,1,9,8,1.31545772803833,0.664682698629076,0.841486107821936,-1.2079055840031,0.169146626713655,0.817339841366629,0.719283970707893,0.850284784377543,QH33MCR,SN267,O
2,0.353753484640402,0.853356223175966,0.601377230198688,0,1,1,0.41684293156517,0.250278759085634,0,0,0.499442481828731,0.601377230198688,1,1,NEET,SN267,N
1,0,1,0,1,1,0,0,0,0,0,NA,0,1,1,NEET_D,SN267,N
2,0.414691393533728,0.779342218400688,0.761366775298852,1,2,1,0.527739233670417,0.343935850037965,0,0,0.31212829992407,0.761366775298852,1,1,DIPINP,SN267,N
3,0.815797833273935,0.779342218400688,0.518809126706483,1,3,2,0.569970082072913,0.348350460528866,0.279325348004326,-2.33333333333333,0.477474309206701,0.518809126706483,0.989496751695806,1,DIPAUP,SN267,N
17609,386.303009548804,2.8025850710057e-4,0.952964885929841,8.3,4871,4862.7,9.31634235854639,0.999888829590419,1.01458543049242,-0.00625346256684933,5.43843561059044e-5,0.952964885929841,5.5005960721979e-4,8.19860707339e-4,COEF,SN267,S
17609,0.386303009548804,2.8025850710057e-4,0.952964885929841,0.0083,4.871,4.8627,9.31634235854639,0.999888829590419,1.01458543049242,-0.00625346256684933,5.43843561059044e-5,0.952964885929841,5.5005960721979e-4,8.19860707339e-4,COEFMIG,SN267,S
19827,5683.20198682201,1.9738140667149e-4,0.986624679726332,1,19827,19826,9.76245380610934,0.999935722248281,0.786769945704805,0.224525782616932,1.38421760986655e-5,0.986624679726332,3.9476281334298e-4,5.9214422001447e-4,PROFAM,AVQ2021,N
9,1.08765258656251,0.434831238897296,0.603226445529602,1,9,8,1.32542397181681,0.688270076609404,0.968362561960871,-0.720408648805322,0.225696163814421,0.603226445529602,0.734236901550541,0.896265105160427,PROIND,AVQ2021,N
9,1.28507556824624,0.274754918086716,0.736885901159487,1,9,8,1.61910381272017,0.779432323247898,0.319363942381614,-1.8843099342486,0.123138636346114,0.736885901159487,0.520911463473474,0.767046077592824,NCOMP,AVQ2021,S
1,0,1,0,2021,2021,0,0,0,0,0,NA,0,1,1,ANNO,AVQ2021,S
17,2.66670852891216,0.434831238897296,0.489407194833741,1,17,16,1.38659499508007,0.686286022468054,1.9107369882757,2.33762612705623,0.270821101127692,0.489407194833741,0.712963572164835,0.928460205715288,RELPAR,AVQ2021,N
15,3.62408099436639,0.160514946158739,0.900308490007769,1,15,14,2.43808058741957,0.897343924679563,0.51588602733289,-1.34429671961954,0.0385600807004678,0.900308490007769,0.302081277277014,0.43638835888326,ETAMi,AVQ2021,O
2,0.499703305481311,0.517380529420795,0.999128197655974,1,2,1,0.692542893223178,0.499395834394106,0,0,0.00120833121178852,0.999128197655974,1,1,SESSO,AVQ2021,N
5,1.56171003449674,0.455365870291651,0.738829761386466,1,9,8,1.18910062881002,0.643435566554974,0.294886339494696,-2.12595687989906,0.195705541806282,0.738829761386466,0.823213839194381,0.91368689050033,STCIVMi,AVQ2021,N
3,0.767685357346997,0.964122667725288,0.15237493713753,1,6,5,0.167400978424321,0.0694419070483145,0.383792660583029,-2.33333333333333,0.895837139427528,0.15237493713753,0.995881302104009,1,STCPM,AVQ2021,N
77,16.3723590018803,0.0216592151018381,0.952175490981951,1941,2021,80,4.13606506028359,0.98315897486013,-0.680449942182662,-1.00448692264594,0.00390472283907835,0.952175490981951,0.0431197218082464,0.0641828117237953,AMATR,AVQ2021,S
5,12.8682233830824,0.346593621422564,0.87581809061768,1,99,98,1.40957483943574,0.737681322239166,-0.266920271052565,-1.71100910333329,0.0778983472010419,0.87581809061768,0.615557727717033,0.83528449000932,ISTRMi,AVQ2021,O
4,1.26596439839028,0.494296670818983,0.723121891736222,1,9,8,1.00245980091627,0.589883109518588,0.0204652164919637,-2.33078387226478,0.213489187308549,0.723121891736222,0.890036882342884,0.984587577245304,CONDMi,AVQ2021,N
2,0.460457048175347,0.694906422337053,0.887428415806379,1,2,1,0.615118504364971,0.424022973063541,0,0,0.151954053872919,0.887428415806379,1,1,LAVPAS,AVQ2021,N
5,15.7619790823231,0.359792239535594,0.841939710192182,1,99,98,1.35504968956708,0.7077978075952,0.119965983453931,-2.14640729513153,0.115252740506,0.841939710192182,0.719553926061717,0.86269477543538,POSIZMi,AVQ2021,N
5,26.2166524633122,0.547862945955493,0.776861728342872,1,99,98,1.2503107183141,0.634490211004695,0.855224807778103,-1.18692899800622,0.206887236244131,0.776861728342872,0.748086659602025,0.878547038737784,ATECOMi,AVQ2021,N
8,0.99468337633081,0.663355045288067,0.522043693440135,1,8,7,1.08555934271139,0.522818990732963,1.65299811484082,1.1865819488507101,0.402492582019471,0.522043693440135,0.821874246112683,0.92087198719214,TIPFA2Mi,AVQ2021,N
25,69.830803143852,0.093164023948944,0.916594664363067,10,999,989,2.95040440632146,0.944005572593784,-0.101476593704676,-0.887937372098292,0.0166608618814746,0.916594664363067,0.165471412592934,0.235673399565761,REGMf,AVQ2021,N
6,1.34043001487838,0.274579467947453,0.878260752797089,1,9,8,1.57363202027554,0.785514673623168,-0.586199764116119,-1.32065939240254,0.057382391652198,0.878260752797089,0.498190670438845,0.699541636511174,RIPMf,AVQ2021,N
14001,7929092.3073214,0.00407921573787749,0.978800731490445,566642,66718419,66151777,9.34449707653847,0.999858594140808,23.6545367405825,1023.98100526769,6.99873881823969e-5,0.978800731490445,0.00664517402460688,0.00918920104392833,COEFIN,AVQ2021,S
6,1.91512265297261,0.311601667893059,0.804676794498998,1,6,5,1.44178726621166,0.73723610298179,-0.0324087890706141,-2.17201266842756,0.115316676421852,0.804676794498998,0.615673289183223,0.868628893794457,REDPRMi,AVQ2021,N
3,1.14741660858963,0.94795710244095,0.217358349869238,1,9,8,0.238792554210967,0.0999321409156495,0.384622208383945,-2.33333333333333,0.850101788626525,0.217358349869238,0.980722415948418,1,CITTMi,AVQ2021,N
5,1.15318978934639,0.515151515151515,0.700580310231349,1,5,4,1.12754051199118,0.627384960718294,0.420844425401482,-1.68304721419973,0.215768799102132,0.700580310231349,0.782828282828283,0.96969696969697,MOTAS,AVQ2021,N
3,0.516499562457773,0.919677093844601,0.283150732063751,1,3,2,0.311072873790608,0.149231763978735,0.379095942322318,-2.33333333333333,0.776152354031898,0.283150732063751,0.989303733602422,1,DADLEZOL,AVQ2021,N
3,0.945218512079708,0.599596367305752,0.743494615143365,1,3,2,0.816812320755068,0.513023589703904,-0.074099275143635,-2.33333333333333,0.230464615444144,0.743494615143365,0.953582240161453,1,DADVID,AVQ2021,N
3,0.476836665793366,0.931584258324924,0.253175987126457,1,3,2,0.278142250652805,0.128647148249482,0.381158647483561,-2.33333333333333,0.807029277625776,0.253175987126457,0.989909182643794,1,DADCOMP,AVQ2021,N
2,0.402369151019701,0.796871741397289,0.728140663739434,1,2,1,0.504708648122036,0.323734338319482,0,0,0.352531323361035,0.728140663739434,1,1,DADPC,AVQ2021,N
2,0.49536475723404,0.56830031282586,0.986497673295756,1,2,1,0.683788080873899,0.490670134535779,0,0,0.0186597309284415,0.986497673295756,1,1,DADTB,AVQ2021,N
2,0.480280518027768,0.639207507820647,0.94333905151995,1,2,1,0.653872803873146,0.461242539532729,0,0,0.0775149209345414,0.94333905151995,1,1,DADCELL,AVQ2021,N
3,0.434367786393988,0.824445907395216,0.473052041888955,1,3,2,0.519700786398747,0.294769074569028,0.338350170749993,-2.33333333333333,0.557846388146458,0.473052041888955,0.983322361202546,1,DADFREQ,AVQ2021,O
3,0.660233159462308,0.516129032258065,0.888852056377703,1,3,2,0.976503791944464,0.592515865527761,-0.0937459908717636,-2.33333333333333,0.111226201708359,0.888852056377703,0.867676102699144,1,DADDIFF,AVQ2021,O
1,0,1,0,4,4,0,0,0,0,0,NA,0,1,1,DADDIF3_BIS,AVQ2021,N
6,1.31032261604097,0.307007575757576,0.847600817848854,1,6,5,1.51869679150613,0.757994002525253,0.0220248928484129,-1.94476748371915,0.090407196969697,0.847600817848854,0.607575757575758,0.807007575757576,DADLEZOLAS,AVQ2021,N
2,0.386098954322106,0.817755720981527,0.684962154751912,1,2,1,0.474779586356553,0.29806260356702,0,0,0.403874792865961,0.684962154751912,1,1,DADPCAS,AVQ2021,N
2,0.490032925202009,0.599669148056245,0.971143801461639,1,2,1,0.673145587901402,0.480132121851485,0,0,0.0397357562970306,0.971143801461639,1,1,DADTBAS,AVQ2021,N
2,0.486701805027366,0.614833195478357,0.961609580541518,1,2,1,0.666536969551785,0.473626674432459,0,0,0.052746651135082,0.961609580541518,1,1,DADCELLAS,AVQ2021,N
3,0.624730864422004,0.526330300523849,0.842390957573381,1,3,2,0.925461057853013,0.56905059615911,-0.206908849416466,-2.33333333333333,0.146424105761335,0.842390957573381,0.907637165701682,1,DADDIFFAS,AVQ2021,O
1,0,1,0,4,4,0,0,0,0,0,NA,0,1,1,DADDIFAS3_BIS,AVQ2021,N
1,0,1,0,1,1,0,0,0,0,0,NA,0,1,1,DOMRIF,AVQ2021,N
1,0,1,0,2,2,0,0,0,0,0,NA,0,1,1,MEMFAM,AVQ2021,N
1,0,1,0,3,3,0,0,0,0,0,NA,0,1,1,NIDLON,AVQ2021,N
1,0,1,0,4,4,0,0,0,0,0,NA,0,1,1,NODELE,AVQ2021,N
1,0,1,0,5,5,0,0,0,0,0,NA,0,1,1,MALAT,AVQ2021,N
1,0,1,0,6,6,0,0,0,0,0,NA,0,1,1,ABBAND,AVQ2021,N
1,0,1,0,7,7,0,0,0,0,0,NA,0,1,1,NONVUO,AVQ2021,N
1,0,1,0,9,9,0,0,0,0,0,NA,0,1,1,TPICC,AVQ2021,N
1,0,1,0,10,10,0,0,0,0,0,NA,0,1,1,NDTROPPO,AVQ2021,N
1,0,1,0,11,11,0,0,0,0,0,NA,0,1,1,ORARIS,AVQ2021,N
1,0,1,0,12,12,0,0,0,0,0,NA,0,1,1,ALNIDO,AVQ2021,N
4,0.165319394151324,0.99221524173723,0.037906227321176,1,4,3,0.0525491891866751,0.0154807381996142,0.749975581374034,-1.68751630740596,0.979359015733848,0.037906227321176,0.996995356459984,0.999135026859692,LEZPR,AVQ2021,N
4,0.160177967754137,0.989984521533279,0.0457447957604459,1,4,3,0.0634157524132872,0.0198713897266624,0.749920536830305,-1.68755325823326,0.973504813697784,0.0457447957604459,0.997450605481198,0.999089501957571,INFOR,AVQ2021,N
4,0.270365098338834,0.976964399526541,0.0922104321991154,1,4,3,0.127830802194062,0.0452587609239973,0.749665631512674,-1.68772447327659,0.93965498543467,0.0922104321991154,0.992624965856323,0.998474915778931,LING,AVQ2021,N
4,0.257752595057487,0.979991805517618,0.0820053078446789,1,4,3,0.113683495846979,0.0394045716684528,0.74975316526691,-1.68766529236938,0.947460571108729,0.0820053078446789,0.993398889192388,0.998930164800146,ARTCUL,AVQ2021,N
27,36.2014567370069,0.325801167625688,0.564027167916178,1,99,98,1.85894153344615,0.797479629141702,2.34453765415933,4.77470961023292,0.171848077429771,0.564027167916178,0.550674114830526,0.713889705573523,USORA,AVQ2021,S
62,33.8543768473318,0.244445377798312,0.558507138119319,0,99,99,2.30503401402537,0.861218667756551,3.49139477863906,12.33199425407,0.124662993427767,0.558507138119319,0.416481162585577,0.579696753328573,USMIN,AVQ2021,S
6,40.1980930233225,0.725633852848453,0.426889292086033,0,99,99,0.76488293140721,0.426393107109967,1.14942125188903,-0.485070551676015,0.48832827146804,0.426889292086033,0.934372363571778,0.993206340748635,HHSCLA,AVQ2021,S
59,35.1603007800901,0.208738510723325,0.601941891075855,0,99,99,2.45444059991722,0.880537831963675,2.94372146076286,8.26536283099237,0.104280481278331,0.601941891075855,0.369210958660805,0.499134141467963,MMSCLA,AVQ2021,S
2,0.329558270465747,0.876026819412992,0.540674826598423,1,2,1,0.374767231656434,0.217207662164298,0,0,0.565584675671405,0.540674826598423,1,1,DIVCOM,AVQ2021,N
1,0,1,0,1,1,0,0,0,0,0,NA,0,1,1,STCOM,AVQ2021,N
1,0,1,0,2,2,0,0,0,0,0,NA,0,1,1,STPROV,AVQ2021,N
1,0,1,0,3,3,0,0,0,0,0,NA,0,1,1,STREG,AVQ2021,N
1,0,1,0,4,4,0,0,0,0,0,NA,0,1,1,ALTREG,AVQ2021,N
1,0,1,0,5,5,0,0,0,0,0,NA,0,1,1,ESTERO,AVQ2021,N
3,0.485162112634859,0.754673415922916,0.642902928522183,1,3,2,0.706301057695185,0.395398088761606,0.353363609436437,-2.33333333333333,0.406902866857591,0.642902928522183,0.927223480307269,1,USOMT,AVQ2021,O
1,0,1,0,1,1,0,0,0,0,0,NA,0,1,1,TRENO,AVQ2021,N
1,0,1,0,2,2,0,0,0,0,0,NA,0,1,1,TRAM,AVQ2021,N
1,0,1,0,3,3,0,0,0,0,0,NA,0,1,1,METRO,AVQ2021,N
1,0,1,0,4,4,0,0,0,0,0,NA,0,1,1,BUS,AVQ2021,N
1,0,1,0,5,5,0,0,0,0,0,NA,0,1,1,COR,AVQ2021,N
1,0,1,0,6,6,0,0,0,0,0,NA,0,1,1,PAZSC,AVQ2021,N
1,0,1,0,7,7,0,0,0,0,0,NA,0,1,1,AUTOC,AVQ2021,N
1,0,1,0,8,8,0,0,0,0,0,NA,0,1,1,AUTOP,AVQ2021,N
1,0,1,0,9,9,0,0,0,0,0,NA,0,1,1,MOTO,AVQ2021,N
1,0,1,0,10,10,0,0,0,0,0,NA,0,1,1,BICI,AVQ2021,N
1,0,1,0,11,11,0,0,0,0,0,NA,0,1,1,ALMEZ,AVQ2021,N
11,2.84081833335875,0.246483180428135,0.856365185771269,1,11,10,2.05347403075002,0.8463500079492,0.631187282371139,-1.06902701618294,0.0690149912558801,0.856365185771269,0.443425076452599,0.585321100917431,MTPUSO,AVQ2021,N
4,0.759184591775759,0.787979608264019,0.521582199876616,1,4,3,0.72306646254946,0.360081952242424,0.72743211415773,-1.70392838228902,0.519890730343435,0.521582199876616,0.910383686611215,0.957177354440569,CARPOO,AVQ2021,O
3,0.54272743814893,0.669037321800416,0.733378182838768,1,3,2,0.805698283907759,0.4794113936842,0.223455182411552,-2.33333333333333,0.280882909473699,0.733378182838768,0.929937530033638,1,TLADO,AVQ2021,O
3,0.694691131925175,0.504474331466848,0.931529523817086,4,6,2,1.0233897821226,0.616255227477645,0.174638612373725,-2.33333333333333,0.0756171587835321,0.931529523817086,0.809147522110001,1,TLAV,AVQ2021,O
2,0.206884745059225,0.955191891228149,0.26391865370263,1,2,1,0.182934470711154,0.0856006843202828,0,0,0.828798631359434,0.26391865370263,1,1,PROSOC,AVQ2021,N
5,0.629508548367951,0.845540607872446,0.352061961540488,1,5,4,0.566621868429177,0.272358653035254,1.04036875034269,-0.962470157051039,0.659551683705933,0.352061961540488,0.953662182361734,0.983059292476333,NPROSOM,AVQ2021,O
2,0.161086229807485,0.973341112582187,0.177349078567229,3,4,1,0.122929013783779,0.0518963822789147,0,0,0.896207235442171,0.177349078567229,1,1,GUMED,AVQ2021,N
5,0.713399416418655,0.802188552188552,0.421908785177014,1,5,4,0.679035994452901,0.336269541656747,1.01618091178659,-0.995547807301411,0.579663072929066,0.421908785177014,0.938552188552189,0.974747474747475,NGUMEDM,AVQ2021,O
2,0.125888256234389,0.983893069751769,0.118984923225155,5,6,1,0.0824740640626579,0.0316949940924192,0,0,0.936610011815162,0.118984923225155,1,1,ASSDO,AVQ2021,N
16,5.68872580934654,0.534170153417015,0.64327674182277494,1,20,19,1.78354183965698,0.687048351550023,3.01240878933381,8.11207936189641,0.267148425013308,0.64327674182277494,0.656903765690377,0.726638772663877,NASSDOM,AVQ2021,O
2,0.147130718787236,0.977862986824799,0.153276746022051,1,2,1,0.106243344350588,0.0432939316457643,0,0,0.913412136708471,0.153276746022051,1,1,RICOV,AVQ2021,N
4,0.540848758640134,0.901309164149043,0.299896509584316,1,4,3,0.415744840156275,0.183339773175572,0.74585489419431,-1.69037414934251,0.755546969099237,0.299896509584316,0.960725075528701,0.980866062437059,NNRICAM,AVQ2021,O
20,5.91166176746681,0.188331627430911,0.890501626810527,1,20,19,2.66770446308863,0.911616095477455,1.51026038960634,2.03571909955655,0.0404041100237312,0.890501626810527,0.309109518935517,0.407369498464688,GGRICAM,AVQ2021,O
2,0.282561564043067,0.91260162601626,0.42772578897549,1,2,1,0.296476924681139,0.159519796417476,0,0,0.680960407165047,0.42772578897549,1,1,CONSPE,AVQ2021,N
3,1.923807473914,0.528571428571429,0.811956644533847,1,5,4,0.892025547550609,0.555510204081633,-0.260171436594255,-2.33333333333333,0.166734693877551,0.811956644533847,0.928571428571429,1,CONDIR,AVQ2021,N
3,1.7874018000453,0.590909090909091,0.852819625189457,2,6,4,0.93691812025046906,0.557851239669422,0.242286795517334,-2.33333333333333,0.163223140495868,0.852819625189457,0.863636363636364,1,CONASS,AVQ2021,N
5,0.744225734755691,0.47883064516129,0.603020000162534,1,5,4,0.9705232502176,0.567804533038502,0.289468763746265,-2.24120203450996,0.290244333701873,0.603020000162534,0.926411290322581,0.973790322580645,QASSAM,AVQ2021,O
5,0.777079805419047,0.460685483870968,0.624457039176664,1,5,4,1.00502483353727,0.578606675988554,0.283296642659875,-2.248855702882,0.276741655014308,0.624457039176664,0.914314516129032,0.967741935483871,QASSIN,AVQ2021,O
5,0.964015468194624,0.499494438827098,0.787916633076739,1,5,4,1.26810290111113,0.659219053675363,0.594270237153481,-1.51472013509625,0.175976182905796,0.787916633076739,0.748230535894843,0.903943377148635,QVITTO,AVQ2021,O
5,0.908267472021232,0.493440968718466,0.721194775218753,1,5,4,1.16071821348645,0.624695926303431,0.391968369996824,-2.0019958986696,0.219130092120711,0.721194775218753,0.841574167507568,0.9313824419778,QSERIG,AVQ2021,O
4,0.894882987978941,0.438471688371293,0.877303913998167,1,4,3,1.21620146896407,0.676090177677569,-0.0440323906111908,-1.88838738464049,0.0985464297632418,0.877303913998167,0.706786759222076,0.944696230853078,VSPESA,AVQ2021,N
2,0.456462142684629,0.704094041345764,0.87622864866245,1,2,1,0.607355417346228,0.416691244574307,0,0,0.166617510851386,0.87622864866245,1,1,VISPRE,AVQ2021,N
4,0.882695923482573,0.36009478012405,0.888336589608085,1,4,3,1.23149600495016,0.69163112880703,-0.614471839602373,-1.77470353720083,0.0778251615906267,0.888336589608085,0.677399121890027,0.952679629242456,ASPESA,AVQ2021,N
2,0.366642274848145,0.839974788150431,0.634369865976123,1,2,1,0.43971168403354,0.26883428684414,0,0,0.46233142631172103,0.634369865976123,1,1,ACCPRE,AVQ2021,N
2,0.49719687276996,0.554806070826307,0.991315699150513,1,2,1,0.687127681910989,0.493992589201164,0,0,0.0120148215976727,0.991315699150513,1,1,MINCDO,AVQ2021,N
4,0.540241365097879,0.869318181818182,0.356645237712004,1,4,3,0.494415281960414,0.235185663452709,0.735412615119851,-1.69790706350758,0.686419115396388,0.356645237712004,0.960227272727273,0.984848484848485,MNINCDM,AVQ2021,O
2,0.422072263281322,0.768065242095412,0.781368804112739,1,2,1,0.541603583548241,0.356282051960656,0,0,0.287435896078688,0.781368804112739,1,1,SPOCON,AVQ2021,N
2,0.347808903000525,0.859210908035973,0.586301647643528,1,2,1,0.406393334021762,0.241935047095943,0,0,0.516129905808114,0.586301647643528,1,1,SPOSAL,AVQ2021,N
4,1.03623655522222,0.518350947091198,0.856508960397114,1,4,3,1.18737354204718,0.642271216024256,0.534608776793778,-1.87095354400632,0.143638378634326,0.856508960397114,0.767262045446872,0.884289428368842,ATTFIS,AVQ2021,N
7,1.53693957592395,0.325907482636614,0.872812060531785,1,7,6,1.69841384680668,0.785470738412061,0.531599181823309,-1.4875814510338,0.0836174718525959,0.872812060531785,0.575874721530599,0.735159218975233,FREQSPO,AVQ2021,O
6,1.26791300995823,0.345564146245577,0.867995875239549,1,6,5,1.55523982871136,0.760793807737961,0.198539757044833,-1.76063086239184,0.0870474307144466,0.867995875239549,0.576595465862928,0.797208753767527,ORESETSP,AVQ2021,O
2,0.431378199823355,0.752834021361641,0.806755329155244,1,2,1,0.559200181805668,0.372149915284203,0,0,0.255700169431595,0.806755329155244,1,1,SPPAG,AVQ2021,N
2,0.392490229783086,0.809776554616342,0.701938656359612,1,2,1,0.486546800581702,0.308076972420056,0,0,0.383846055159887,0.701938656359612,1,1,SPRIV,AVQ2021,N
2,0.400738640348745,0.799030207719022,0.72386344441827,1,2,1,0.501743905608934,0.321161869743037,0,0,0.357676260513927,0.72386344441827,1,1,RETTA,AVQ2021,N
7,1.52661547600138,0.231618483951741,0.921786165180825,1,7,6,1.79371305408414,0.822509118737988,-0.424857164886727,-1.5216581219986,0.0404060281390143,0.921786165180825,0.428181197359435,0.617095379012065,AMICI,AVQ2021,O
2,0.499968225507758,0.506155615928727,0.999890665169634,1,2,1,0.69307139543054,0.499924216785076,0,0,1.5156642984799e-4,0.999890665169634,1,1,PARENT,AVQ2021,N
3,0.809106595568331,0.350343882321267,0.99844337237046,1,3,2,1.09690215842542,0.665541509866963,-0.348301734763701,-2.33333333333333,0.00168773519955556,0.99844337237046,0.693761166997087,1,VICINI,AVQ2021,O
5,1.16042428071104,0.293924687696594,0.935115914429903,1,5,4,1.50501100520397,0.766224069397424,-0.58647128689537,-1.39986507731677,0.0422199132532202,0.935115914429903,0.548126179563225,0.751078457805338,CPESO,AVQ2021,O
3,0.519001344232048,0.545350197558661,0.677974450477512,1,3,2,0.744831062697603,0.506593264131432,-0.328522358093052,-2.33333333333333,0.240110103802852,0.677974450477512,0.987903670838576,1,FARM,AVQ2021,N
3,0.551951042253185,0.687565941589782,0.750908796000969,1,3,2,0.82495763095564,0.47455008343384,0.350078202075255,-2.33333333333333,0.28817487484924,0.750908796000969,0.887916133521898,1,PASTO,AVQ2021,N
7,1.64232948180953,0.406233135456017,0.837387306048148,1,7,6,1.62948045752918,0.750723319755459,1.00895195857489,-0.680335599036499,0.124156126951964,0.837387306048148,0.643011332973556,0.742692030940817,COLAZ,AVQ2021,N
9,1.85735695606592,0.794612029801926,0.397258362592243,1,9,8,0.87286583784002,0.359266518685445,2.0445622707579,2.54720083947901,0.595825166478874,0.397258362592243,0.875658731600945,0.907141559149555,LPRAN,AVQ2021,N
4,1.01592727101312,0.492631578947368,0.837014330538128,1,4,3,1.16034824660155,0.644827085257002,0.220072093752284,-1.95426027715445,0.140230552990664,0.837014330538128,0.771228070175439,0.951578947368421,MENSA,AVQ2021,N
5,0.800306127768874,0.498494382022472,0.71885701003259606,1,5,4,1.15695572556548,0.640142249715945,0.363644918959274,-1.72004297341819,0.199822187855069,0.71885701003259606,0.760112359550562,0.965303370786517,PANPAS,AVQ2021,O
5,0.841746640872958,0.514831277213353,0.749295906900836,1,5,4,1.2059452401979,0.635915147849671,0.556695939722056,-1.65975499072224,0.205106065187911,0.749295906900836,0.801546625544267,0.904889332365747,SALUMI,AVQ2021,O
5,0.677768135104704,0.695921865836604,0.594889967519051,1,5,4,0.95743846745185,0.480818854341467,0.97844314604814,-1.0392774957097899,0.398976432073166,0.594889967519051,0.853724004150314,0.945008345739162,POLLO,AVQ2021,O
5,0.897755665842286,0.453191779576248,0.729531856727907,1,5,4,1.17413622854634,0.657804049768994,0.128164410247067,-1.96114879101009,0.177744937788757,0.729531856727907,0.74695371464945,0.970514685823406,COV,AVQ2021,O
5,0.731559851266191,0.561991708764697,0.659914912462999,1,5,4,1.06209207909858,0.580136299380891,0.560178497051675,-1.71067287620123,0.274829625773886,0.659914912462999,0.872822418050427,0.946854540923816,CBOV,AVQ2021,O
5,0.814332314426499,0.41014410529899,0.732636337523882,1,5,4,1.1791326976378,0.654311240310142,0.119111741518776,-2.19676223155112,0.182110949612322,0.732636337523882,0.798025643935096,0.958947010098718,CMAIAL,AVQ2021,O
5,1.33029002144061,0.395819651713128,0.905139381219477,1,5,4,1.45676563617177,0.736470151312469,0.49500267838518,-1.60407855868091,0.0794123108594133,0.905139381219477,0.632192757988179,0.816345478837836,LATTE,AVQ2021,O
5,0.832172833937368,0.58103195212826,0.738832919375491,1,5,4,1.18910571139728,0.604337057500206,0.884301765205462,-1.14241021527217,0.244578678124742,0.738832919375491,0.753934740882917,0.908817884159422,FORM,AVQ2021,O
5,0.663676861524487,0.634138094271996,0.595723381473776,1,5,4,0.958779795467337,0.520445789841192,0.730980493145295,-1.44112528323801,0.34944276269851,0.595723381473776,0.906111223822727,0.949550280651924,UOVA,AVQ2021,O
5,0.706835263834172,0.591255352715799,0.632759589637044,1,5,4,1.0183872730181,0.55648749485002,0.628516498527537,-1.60513058518126,0.304390631437475,0.632759589637044,0.888708586883029,0.951566373675907,PESCE,AVQ2021,O
5,0.985185747580565,0.375800342681937,0.843504871289474,1,5,4,1.35756871917613,0.707920703086508,0.104248193317905,-2.15357125417385,0.115099121141865,0.843504871289474,0.713003877716656,0.885539724050861,VERD,AVQ2021,O
5,0.917144654996355,0.444169016646957,0.803774113423038,1,5,4,1.29362453117614,0.678797295640174,0.333826263597011,-1.94382152238456,0.151503380449782,0.803774113423038,0.75775493495861,0.894569271354498,POMOD,AVQ2021,O
5,0.992293000704982,0.398532291830808,0.807080243314151,1,5,4,1.29894554196633,0.689171448979845,0.114342192948306,-2.1431668424623602,0.138535688775194,0.807080243314151,0.741552799225626,0.915426693379556,FRUTTA,AVQ2021,O
9,0.63782657733206,0.641308849924065,0.360741627263542,1,9,8,0.792630369491716,0.481860966028338,1.45608799448573,0.523129831428205,0.457906413218119,0.360741627263542,0.96731326798288,0.990715173270744,PZVERD,AVQ2021,S
9,0.755253903829801,0.524861878453039,0.444734713906721,1,9,8,0.97718204379044,0.567286112846181,1.17258134865387,-0.506735456809505,0.361803123048046,0.444734713906721,0.915791390929512,0.980541557889624,PZFRUTTA,AVQ2021,S
5,0.795928752868351,0.507264114593957,0.701054703823832,1,5,4,1.12830401902433,0.621787660844106,0.396751306548524,-1.86372619158883,0.222765423944867,0.701054703823832,0.826975816504612,0.959860383944154,LEGUMI,AVQ2021,O
5,0.616099769435547,0.648234148109553,0.554569621935024,1,5,4,0.892545374626473,0.498520084206171,0.71416868930191,-1.47213199467367,0.376849894742286,0.554569621935024,0.929796343701153,0.962485558299164,PATATE,AVQ2021,O
5,0.912533107021737,0.366221838270398,0.776959217227717,1,5,4,1.25046762062141,0.687677980057648,-0.138486530456025,-2.19187402574815,0.140402524927939,0.776959217227717,0.712005819901334,0.950780912542342,SNACK,AVQ2021,O
5,0.915355170790942,0.382524932003626,0.816160532941246,1,5,4,1.31355970434806,0.690201087613194,0.193029344446218,-2.18804231404336,0.137248640483508,0.816160532941246,0.754850407978241,0.86643245693563,DOLCI,AVQ2021,O
3,0.414215256160291,0.882612732996625,0.384316953365718,1,3,2,0.422215327711067,0.21180733873619,0.376169853617405,-2.33333333333333,0.682288991895715,0.384316953365718,0.975199873168301,1,CGRAS,AVQ2021,N
3,0.257749709524046,0.961676185295984,0.168154930327279,1,3,2,0.184737072857678,0.0742822437974696,0.384425651376995,-2.33333333333333,0.888576634303795,0.168154930327279,0.989846795394796,1,FGRAS,AVQ2021,N
3,0.780786096172106,0.377816526642361,0.986783617439402,1,3,2,1.0840926083753,0.657413359610119,-0.374280250534365,-2.33333333333333,0.0138799605848211,0.986783617439402,0.744967050884304,1,QTSALE,AVQ2021,O
2,0.499864110655118,0.51189745687598,0.999591535983653,1,2,1,0.692864054878654,0.499716901039768,0,0,5.6619792046322e-4,0.999591535983653,1,1,IODIO,AVQ2021,N
6,1.5112682517036,0.52413081060315,0.695650049421353,1,6,5,1.24643756331967,0.632672385749753,0.819236776598929,-1.18336807819899,0.240793137100296,0.695650049421353,0.807313676527084,0.897402036112178,ACMIN,AVQ2021,O
6,1.20528234830263,0.429066927210552,0.727528431092553,1,6,5,1.30355595554271,0.672254416187832,0.497495513399224,-1.86200740227236,0.193294700574601,0.727528431092553,0.784904738641915,0.887982413287738,BGAS,AVQ2021,O
6,1.03732347388165,0.486429961089494,0.646738934616915,1,6,5,1.15880061021832,0.633510476123787,0.55894302324846,-1.65663174361716,0.239787428651456,0.646738934616915,0.820160505836576,0.948929961089494,BIRRA,AVQ2021,O
6,1.25274009472636,0.441934234103346,0.715303938098207,1,6,5,1.28165260446358,0.675518159160117,0.452124075662531,-1.73910755159028,0.189378209007859,0.715303938098207,0.756041454792,0.919850840234394,VINO,AVQ2021,O
6,0.911207569911269,0.699047619047619,0.503107792004338,1,6,5,0.901448150366192,0.463943764172336,1.15028939449475,-0.490583839279723,0.443267482993197,0.503107792004338,0.90952380952381,0.96,BICBIRRAM,AVQ2021,O
6,1.28685460703335,0.464248569942798,0.703805178292395,1,6,5,1.26104959269714,0.646548919679096,0.591524570757943,-1.77963535556526,0.224141296385085,0.703805178292395,0.823062922516901,0.896775871034841,BICVINOM,AVQ2021,O
4,0.615140057861277,0.685263468344475,0.573861602143318,1,4,3,0.795541103114508,0.463560682721987,0.513635208162624,-1.87885952194205,0.381919089704017,0.573861602143318,0.936983877310263,0.995920173023987,BFPAS,AVQ2021,O
11,2.590296399961,0.232839313572543,0.853566939672804,1,11,10,2.04676412965839,0.850424453795624,0.478642353919447,-1.19460756856371,0.064533100824813,0.853566939672804,0.430577223088924,0.558502340093604,BICFUORIM,AVQ2021,O
6,0.927100920113136,0.546167183569806,0.632949198105452,1,6,5,1.13409271924575,0.610122669884827,0.798892028087749,-1.12065684780634,0.267852796138208,0.632949198105452,0.813914869715988,0.947666609685218,ANAL,AVQ2021,O
6,0.885547393475807,0.630607505194964,0.571633179656838,1,6,5,1.02422916257508,0.543548178936108,1.06238680873085,-0.615985683186085,0.347742185276671,0.571633179656838,0.841144114411441,0.953917613983621,ALCOL,AVQ2021,O
6,0.778142182851792,0.699977982728674,0.492123804437556,1,6,5,0.881767486633526,0.466284017962081,1.16680743974036,-0.438252038168851,0.440459178445503,0.492123804437556,0.891944125058101,0.970692565501382,AMAR,AVQ2021,O
6,0.711271760428992,0.735290513882422,0.445243610092126,1,6,5,0.797769454495851,0.421694803239946,1.20197714799376,-0.377533979899986,0.493966236112065,0.445243610092126,0.919033499154557,0.978484083613106,LIQUOR,AVQ2021,O
5,1.44391226216984,0.407284768211921,0.907302310249585,1,5,4,1.46024673615473,0.734463400728038,0.673683584826268,-1.48990518329553,0.0819207490899522,0.907302310249585,0.645695364238411,0.778145695364238,BICALTROM,AVQ2021,O
2,0.25194376851162,0.93188642855399,0.358844105830919,1,2,1,0.248731780217256,0.126948225661758,0,0,0.746103548676484,0.358844105830919,1,1,BICALC,AVQ2021,N
12,4.87496480282833,0.213706407137064,0.863915494844319,1,21,20,2.14674935799354,0.863547654426231,0.482783576981996,-1.33854149373113,0.0579480133532028,0.863915494844319,0.3779399837794,0.528791565287916,NBICALCM,AVQ2021,O
1,0,1,0,1,1,0,0,0,0,0,NA,0,1,1,DOVCASP,AVQ2021,N
1,0,1,0,2,2,0,0,0,0,0,NA,0,1,1,DOVAMPA,AVQ2021,N
1,0,1,0,3,3,0,0,0,0,0,NA,0,1,1,DOVRISTO,AVQ2021,N
1,0,1,0,4,4,0,0,0,0,0,NA,0,1,1,DOVPUB,AVQ2021,N
1,0,1,0,5,5,0,0,0,0,0,NA,0,1,1,DOVDISCO,AVQ2021,N
1,0,1,0,6,6,0,0,0,0,0,NA,0,1,1,DOVSTR,AVQ2021,N
1,0,1,0,7,7,0,0,0,0,0,NA,0,1,1,DOVALT,AVQ2021,N
3,0.773087701772093,0.578890229191797,0.880871914252352,1,3,2,0.967736709740236,0.574204904538583,0.347508055949906,-2.33333333333333,0.13869264319212599,0.880871914252352,0.821182147165259,1,FUMO,AVQ2021,N
2,0.324123181691659,0.880733944954128,0.527247477024035,1,2,1,0.365460102156554,0.210083326319333,0,0,0.579833347361333,0.527247477024035,1,1,FRFUMO,AVQ2021,N
3,0.213116281512007,0.969913653534808,0.135988946925174,1,3,2,0.149399128215031,0.0586339693890597,0.384384811702361,-2.33333333333333,0.91204904591641,0.135988946925174,0.994468429573664,1,TFUMO,AVQ2021,N
17,4.92535528352986,0.245653081096119,0.824351306435834,1,17,16,2.33556312158418,0.87128704556878,1.52725696427486,1.41569695873444,0.0742575140831707,0.824351306435834,0.414243983864237,0.545277507302824,NSIGARM,AVQ2021,O
3,0.365516909387066,0.933326886815259,0.26316268130404,1,3,2,0.289113755599468,0.126543156205198,0.384466944945191,-2.33333333333333,0.810185265692204,0.26316268130404,0.974882753952521,1,ESIG,AVQ2021,N
3,0.302021193106812,0.964428232183514,0.162100082758204,1,3,2,0.17808514291228,0.0692392089799043,0.384881912796684,-2.33333333333333,0.896141186530144,0.162100082758204,0.98398903224227,1,TABNB,AVQ2021,N
5,0.836466113387819,0.482378226637717,0.75297760459875,1,5,4,1.21187070405504,0.657014567594146,0.361887084629678,-1.7102475603034,0.178731790507318,0.75297760459875,0.742176020352216,0.94326381121565,SALUTE,AVQ2021,O
3,0.580018856070045,0.746155832570369,0.642502082455547,1,3,2,0.705860683280515,0.402196037871408,0.327837686157757,-2.33333333333333,0.396705943192889,0.642502082455547,0.939549733549311,1,LIMITA,AVQ2021,O
2,0.261699896065412,0.92604545766669,0.380510878888802,1,2,1,0.26375004287416,0.136970536003162,0,0,0.726058927993676,0.380510878888802,1,1,DIAB,AVQ2021,N
2,0.412987941091701,0.781859543222668,0.756757466336229,3,4,1,0.524544304158645,0.341110395788618,0,0,0.317779208422764,0.756757466336229,1,1,IPAR,AVQ2021,N
2,0.145848717518096,0.978255835494628,0.151124616033754,5,6,1,0.104751601517001,0.0425427116306711,0,0,0.914914576738657,0.151124616033754,1,1,INFAR,AVQ2021,N
2,0.191444896757547,0.961897931800305,0.233521525600465,7,8,1,0.161864787070019,0.0733006011972008,0,0,0.853398797605598,0.233521525600465,1,1,CUORE,AVQ2021,N
2,0.190638177827886,0.962231462231462,0.231965764369362,1,2,1,0.160786415559056,0.0726841506467286,0,0,0.854631698706543,0.231965764369362,1,1,BRON,AVQ2021,N
2,0.195613991093546,0.960147857225367,0.241613858087672,3,4,1,0.16747396451768,0.076527898981807,0,0,0.846944202036386,0.241613858087672,1,1,ASMA,AVQ2021,N
2,0.319809573865888,0.884349046403018,0.516729090355093,5,6,1,0.358169312092938,0.204551621058181,0,0,0.590896757883638,0.516729090355093,1,1,ALLER,AVQ2021,N
2,0.169617014259515,0.970351712344595,0.192624959822093,7,8,1,0.133517447806156,0.0575385333890148,0,0,0.88492293322197,0.192624959822093,1,1,TUMOR,AVQ2021,N
2,0.156049202239616,0.975025484199796,0.168526218024663,1,2,1,0.116813472874226,0.0487015787214984,0,0,0.902596842557003,0.168526218024663,1,1,ULCER,AVQ2021,N
2,0.148240989103085,0.977519757120675,0.155148624602968,3,4,1,0.1075408317113,0.0439497631188235,0,0,0.912100473762353,0.155148624602968,1,1,FEGATO,AVQ2021,N
2,0.0748905415752534,0.994359724253186,0.0502471712361503,5,6,1,0.0348286850734504,0.0112169260726283,0,0,0.977566147854743,0.0502471712361503,1,1,CIRRO,AVQ2021,N
2,0.162531301149131,0.972846898280304,0.179907428276708,7,8,1,0.124702326671791,0.0528316215733924,0,0,0.894336756853215,0.179907428276708,1,1,CALRE,AVQ2021,N
2,0.379602162240095,0.825431231176417,0.668050224287517,1,2,1,0.463057129437332,0.288189027550003,0,0,0.423621944899994,0.668050224287517,1,1,ARTRO,AVQ2021,N
2,0.290774965059672,0.906757754800591,0.44720040538003,3,4,1,0.309975700134432,0.169096257819165,0,0,0.66180748436167,0.44720040538003,1,1,OSTEO,AVQ2021,N
3,0.84190398130256,0.428043862431465,0.981895867818828,1,3,2,1.0787228665782,0.652935544546753,0.350378898009023,-2.33333333333333,0.0205966831798705,0.981895867818828,0.725769178485659,1,RADIO,AVQ2021,N
17,47.7902292845422,0.407803525450584,0.600786408000675,0,99,99,1.70215606807511,0.751723050331744,2.05712693413262,3.52242245532119,0.201294259022522,0.600786408000675,0.620479302832244,0.757377698554169,HHRAD,AVQ2021,S
49,45.0837570158158,0.407803525450584,0.37810652190247,0,99,99,1.47152263678804,0.689018613821428,4.20312729218273,16.774749117959,0.296626831723958,0.37810652190247,0.765141612200436,0.883501683501684,MMRAD,AVQ2021,S
3,0.489402230090755,0.752406562118679,0.650447390775197,1,3,2,0.714589496637739,0.399190956373654,0.358890438476946,-2.33333333333333,0.401213565439519,0.650447390775197,0.921159669182447,1,TELE,AVQ2021,N
17,45.0447414589379,0.326530111615356,0.677719890681229,0,99,99,1.92012503781038,0.807546889821457,1.6641669726182,1.85802796282686,0.141981429564702,0.677719890681229,0.532957193671041,0.678842143996075,HHTEL,AVQ2021,S
49,44.6296780854812,0.513504231571201,0.316644957989197,0,99,99,1.23232527479674,0.618697918679594,4.65636469020341,21.5307192150989,0.368412541347915,0.316644957989197,0.840034343186557,0.940684410646388,MMTEL,AVQ2021,S
4,1.25132033437542,0.444220967705072,0.909407204731974,1,4,3,1.26070607988174,0.686705637663223,0.317619188661284,-1.92648387463627,0.0843924831157027,0.909407204731974,0.707562909971888,0.897675587959683,FREQSERIE,AVQ2021,O
2,0.268121052599775,0.922034053042406,0.394971210375727,1,2,1,0.273773180874284,0.143774516145198,0,0,0.712450967709603,0.394971210375727,1,1,BIBLIO,AVQ2021,N
17,6.71850037434295,0.188817330210773,0.855879275724546,1,25,24,2.42488858488395,0.891713091444586,0.81414647280338,-0.596942317103265,0.0525548403401269,0.855879275724546,0.328161592505855,0.452576112412178,NUMBIBM,AVQ2021,O
1,0,1,0,16,16,0,0,0,0,0,NA,0,1,1,BIBALTC,AVQ2021,N
2,0.254945232193195,0.930121446055357,0.365470274521583,1,2,1,0.253324690363105,0.129991083286497,0,0,0.740017833427005,0.365470274521583,1,1,BIBONLINE,AVQ2021,N
5,0.27353712616602,0.971313251088865,0.0933308232052236,1,5,4,0.150210165265171,0.0560096771022115,1.07211272962046,-0.921456510481402,0.929987903622235,0.0933308232052236,0.99429913574898,0.996944336761453,TEATRO,AVQ2021,O
5,0.422189554720499,0.91457801676996,0.216663741038932,1,5,4,0.348706839077861,0.158644486582291,1.06075389323578,-0.935823784948289,0.801694391772136,0.216663741038932,0.983754101348888,0.993574553408677,CINE,AVQ2021,O
5,0.398728881210528,0.912606959498003,0.215718697817595,1,5,4,0.347185850688552,0.161673801280764,1.05872955007323,-0.938449874923772,0.797907748399045,0.215718697817595,0.985921277809469,0.995345122646891,MUSEO,AVQ2021,O
5,0.24815218065505,0.978642327438677,0.0741930861237602,1,5,4,0.119409165648068,0.0419746456974257,1.07271214946004,-0.920725128716978,0.947531692878218,0.0741930861237602,0.995253850541928,0.997330290929834,MUSIC,AVQ2021,O
5,0.292420673765023,0.963961290911581,0.110523423685551,1,5,4,0.177880588291543,0.0698714736608357,1.07119325165629,-0.922587748492942,0.912660657923955,0.110523423685551,0.993837586159675,0.996667731775232,ACMUS,AVQ2021,O
5,0.417135485709426,0.943615976615132,0.165604617369725,1,5,4,0.266530349668978,0.107850340661355,1.06970022306033,-0.92443739883556,0.865187074173306,0.165604617369725,0.984128434081619,0.99198428829158,SPSPO,AVQ2021,O
5,0.374910273042437,0.960647355566208,0.12697346595304,1,5,4,0.204355909977982,0.0764011338158127,1.07195686491857,-0.921646139041809,0.904498582730234,0.12697346595304,0.986943322148417,0.993106439316122,DISCO,AVQ2021,O
5,0.467335857041699,0.898070555999543,0.250810372593444,1,5,4,0.403663722483612,0.186957916272273,1.05666266084395,-0.941100611585846,0.766302604659659,0.250810372593444,0.977166343189862,0.992145222057312,MONUM,AVQ2021,O
4,1.40500173376476,0.539087242817107,0.725220345404804,1,4,3,1.0053688754041,0.57621102572481,0.173658052618237,-2.23586192404227,0.23171863236692,0.725220345404804,0.896192667866664,0.959534279660051,PCTEMPO,AVQ2021,O
4,1.24599641968038,0.730515941502407,0.544081407232888,1,4,3,0.754256986837127,0.418388409755432,0.603334566678377,-1.80763605511347,0.442148786992758,0.544081407232888,0.946066854391861,0.977586520119902,INTTEMPO,AVQ2021,O
2,0.390309013623229,0.812511993859144,0.696186886708224,3,4,1,0.482559977664612,0.304672507388365,0,0,0.390654985223271,0.696186886708224,1,1,INCOMU1b,AVQ2021,N
2,0.258358588309427,0.928080851215259,0.373045066673668,5,6,1,0.25857513618665,0.133493569645638,0,0,0.733012860708724,0.373045066673668,1,1,INCOMU4AGG,AVQ2021,N
2,0.486561643898978,0.615175284136385,0.96137841282163,5,6,1,0.666376736298508,0.473469307848206,0,0,0.0530613843035885,0.96137841282163,1,1,INTATT7BN,AVQ2021,N
2,0.498003715221454,0.544724036368293,0.994220808037314,7,8,1,0.689141349945095,0.495999521141855,0,0,0.00800095771628958,0.994220808037314,1,1,INTATT30A,AVQ2021,N
2,0.446438571847125,0.725164295284885,0.848318305552657,1,2,1,0.588009441711214,0.398602080257722,0,0,0.202795839484555,0.848318305552657,1,1,INTATT30B,AVQ2021,N
2,0.485287866868799,0.620429316356889,0.957738245078762,3,4,1,0.663853564290774,0.470993559523625,0,0,0.0580128809527508,0.957738245078762,1,1,INTATT28B,AVQ2021,N
2,0.393625169225527,0.808324801638086,0.704962721050416,5,6,1,0.488642922495963,0.30987163338967,0,0,0.380256733220659,0.704962721050416,1,1,INTFASC,AVQ2021,N
2,0.421814910260072,0.768473221422862,0.780663341545028,7,8,1,0.541114594158442,0.355844258757662,0,0,0.288311482484676,0.780663341545028,1,1,INTALTSAL,AVQ2021,N
2,0.421693334364787,0.768664062748087,0.780332882653651,1,2,1,0.540885537509593,0.355639242775384,0,0,0.288721514449232,0.780332882653651,1,1,INTATT18A,AVQ2021,N
2,0.453690004075768,0.710171160013972,0.868500044985188,3,4,1,0.601998357497669,0.411656166996762,0,0,0.176687666006475,0.868500044985188,1,1,MATDID,AVQ2021,N
2,0.489674917140706,0.601124130704011,0.970289220852424,5,6,1,0.672553237761564,0.479547820378716,0,0,0.0409043592425673,0.970289220852424,1,1,COM_STUD,AVQ2021,N
2,0.488271001171959,0.607698659721781,0.966268636775626,1,2,1,0.669766381244527,0.476801997388264,0,0,0.046396005223472,0.966268636775626,1,1,PCOPE_PASTE,AVQ2021,N
2,0.494028373131208,0.577095594083028,0.982781407400313,3,4,1,0.681212161646262,0.48811253874597,0,0,0.0237749225080604,0.982781407400313,1,1,PCOPE_SF,AVQ2021,N
2,0.499992144142252,0.50397582697201,0.999954389580922,5,6,1,0.693115565826557,0.499968385599777,0,0,6.32288004454537e-5,0.999954389580922,1,1,PCOPE_MOD,AVQ2021,N
2,0.499715934940091,0.517085730633523,0.999157526602143,1,2,1,0.692563222499524,0.499416155617437,0,0,0.00116768876512523,0.999157526602143,1,1,PCOPEWO,AVQ2021,N
2,0.499247543712405,0.527564816287578,0.997806513622699,3,4,1,0.691626771661923,0.498480361806064,0,0,0.00303927638787161,0.997806513622699,1,1,PCOPE_FILE,AVQ2021,N
2,0.485236517467286,0.620635880462111,0.957591681430788,5,6,1,0.663751974111408,0.470893968690262,0,0,0.0582120626194753,0.957591681430788,1,1,PCOPEX,AVQ2021,N
2,0.42765456361075,0.759070240707177,0.796583020874408,1,2,1,0.55214927500102,0.365765220759851,0,0,0.268469558480298,0.796583020874408,1,1,PCOPEXC,AVQ2021,N
2,0.474780906573085,0.656812830140648,0.927836002934772,3,4,1,0.643126909456246,0.450819472606561,0,0,0.0983610547868787,0.927836002934772,1,1,PCOPEPH,AVQ2021,N
2,0.256872778020559,0.928973747016706,0.369741808084761,5,6,1,0.256285491809088,0.131963048740894,0,0,0.736073902518213,0.369741808084761,1,1,PCOPECO,AVQ2021,N
2,0.497952525497149,0.545289797475598,0.994073466897716,1,2,1,0.689039220849602,0.495897668489239,0,0,0.00820466302152291,0.994073466897716,1,1,INFO_FAKE,AVQ2021,N
2,0.48714747679448,0.612712282432528,0.963026892702684,1,2,1,0.66751937548027,0.4745918827777,0,0,0.0508162344445995,0.963026892702684,1,1,AUT_INFO,AVQ2021,N
1,0,1,0,1,1,0,0,0,0,0,NA,0,1,1,INFO_FONT,AVQ2021,N
1,0,1,0,2,2,0,0,0,0,0,NA,0,1,1,INFO_DISC,AVQ2021,N
1,0,1,0,3,3,0,0,0,0,0,NA,0,1,1,INFO_OFF,AVQ2021,N
1,0,1,0,1,1,0,0,0,0,0,NA,0,1,1,NOCK_IN,AVQ2021,N
1,0,1,0,2,2,0,0,0,0,0,NA,0,1,1,NOCK_SK,AVQ2021,N
1,0,1,0,3,3,0,0,0,0,0,NA,0,1,1,NOCK_ALT,AVQ2021,N
1,0,1,0,6,6,0,0,0,0,0,NA,0,1,1,GESACCI_AMM,AVQ2021,N
1,0,1,0,7,7,0,0,0,0,0,NA,0,1,1,NOGESACC,AVQ2021,N
2,0.368836449457425,0.837586267917183,0.640052824576478,1,2,1,0.443650810764615,0.272071023427496,0,0,0.455857953145008,0.640052824576478,1,1,COOKIE,AVQ2021,N
2,0.461510308422552,0.692394844922815,0.890389652473665,1,2,1,0.61717107721187,0.425968447294252,0,0,0.148063105411497,0.890389652473665,1,1,LIMCOO,AVQ2021,N
2,0.347879687170824,0.859143444657165,0.586477664625339,1,2,1,0.406515339696435,0.242031972319571,0,0,0.515936055360857,0.586477664625339,1,1,SOFTCOOK,AVQ2021,N
2,0.195197879201556,0.960325030913266,0.240799944808288,1,2,1,0.166909802822855,0.076201731829401,0,0,0.847596536341198,0.240799944808288,1,1,COSINT9a,AVQ2021,N
2,0.285852339056902,0.910233266079077,0.435690725675537,3,4,1,0.301997798098115,0.163417334804187,0,0,0.673165330391627,0.435690725675537,1,1,COSINT9b,AVQ2021,N
2,0.152721043068255,0.976106194690265,0.162777502492188,5,6,1,0.11282876691105,0.0466457827551101,0,0,0.90670843448978,0.162777502492188,1,1,COSINT9c,AVQ2021,N
4,1.34042113476843,0.454808630962399,0.852032205381958,1,4,3,1.18116744181355,0.654287468637502,0.0836687332857476,-2.24645412042402,0.12761670848333,0.852032205381958,0.794627528865251,0.931194667923385,INTCOM,AVQ2021,O
1,0,1,0,1,1,0,0,0,0,0,NA,0,1,1,B_abb,AVQ2021,N
1,0,1,0,2,2,0,0,0,0,0,NA,0,1,1,B_SPORT,AVQ2021,N
1,0,1,0,3,3,0,0,0,0,0,NA,0,1,1,B_TOYS,AVQ2021,N
1,0,1,0,4,4,0,0,0,0,0,NA,0,1,1,B_HOME,AVQ2021,N
1,0,1,0,5,5,0,0,0,0,0,NA,0,1,1,B_MUSICA,AVQ2021,N
1,0,1,0,6,6,0,0,0,0,0,NA,0,1,1,B_FILM,AVQ2021,N
1,0,1,0,7,7,0,0,0,0,0,NA,0,1,1,B_LIBRI,AVQ2021,N
1,0,1,0,8,8,0,0,0,0,0,NA,0,1,1,B_PC,AVQ2021,N
1,0,1,0,9,9,0,0,0,0,0,NA,0,1,1,B_TV,AVQ2021,N
1,0,1,0,10,10,0,0,0,0,0,NA,0,1,1,B_FARM,AVQ2021,N
1,0,1,0,11,11,0,0,0,0,0,NA,0,1,1,B_PASTI,AVQ2021,N
1,0,1,0,12,12,0,0,0,0,0,NA,0,1,1,B_CIBO,AVQ2021,N
1,0,1,0,13,13,0,0,0,0,0,NA,0,1,1,B_COSM,AVQ2021,N
1,0,1,0,14,14,0,0,0,0,0,NA,0,1,1,B_IGENE,AVQ2021,N
1,0,1,0,15,15,0,0,0,0,0,NA,0,1,1,B_VEICOLI,AVQ2021,N
1,0,1,0,16,16,0,0,0,0,0,NA,0,1,1,B_ALT,AVQ2021,N
1,0,1,0,17,17,0,0,0,0,0,NA,0,1,1,B_NO,AVQ2021,N
2,0.421659843050374,0.768731383181853,0.780216240783895,1,2,1,0.540804687526436,0.355566887386336,0,0,0.288866225227327,0.780216240783895,1,1,B_P2P,AVQ2021,N
1,0,1,0,1,1,0,0,0,0,0,NA,0,1,1,S_MUSIC,AVQ2021,N
1,0,1,0,2,2,0,0,0,0,0,NA,0,1,1,S_FILM,AVQ2021,N
1,0,1,0,3,3,0,0,0,0,0,NA,0,1,1,S_BOOK,AVQ2021,N
1,0,1,0,4,4,0,0,0,0,0,NA,0,1,1,S_GIOCHI,AVQ2021,N
1,0,1,0,5,5,0,0,0,0,0,NA,0,1,1,S_SOFT,AVQ2021,N
1,0,1,0,6,6,0,0,0,0,0,NA,0,1,1,S_SAL,AVQ2021,N
1,0,1,0,7,7,0,0,0,0,0,NA,0,1,1,S_APPAL,AVQ2021,N
1,0,1,0,8,8,0,0,0,0,0,NA,0,1,1,S_NOAPP,AVQ2021,N
1,0,1,0,1,1,0,0,0,0,0,NA,0,1,1,MS_BSPOR,AVQ2021,N
1,0,1,0,2,2,0,0,0,0,0,NA,0,1,1,MS_BCONC,AVQ2021,N
1,0,1,0,3,3,0,0,0,0,0,NA,0,1,1,MS_ABBINT,AVQ2021,N
1,0,1,0,4,4,0,0,0,0,0,NA,0,1,1,MS_ABBELE,AVQ2021,N
1,0,1,0,5,5,0,0,0,0,0,NA,0,1,1,MS_NO,AVQ2021,N
2,0.216159629117073,0.950864216167258,0.28271442487307,1,2,1,0.195962706504395,0.0934429171597682,0,0,0.813114165680463,0.28271442487307,1,1,P2P_BABYAG,AVQ2021,N
2,0.143096080738896,0.979087740566753,0.146532432148907,3,4,1,0.101568542204606,0.040949873677288,0,0,0.918100252645424,0.146532432148907,1,1,P2P_BABY,AVQ2021,N
2,0.290701855411933,0.906815440289505,0.447011072734448,1,2,1,0.309844464744959,0.169002395084112,0,0,0.661995209831777,0.447011072734448,1,1,P2P_TRAAG,AVQ2021,N
2,0.186080924303023,0.964086733925614,0.223230132081398,1,2,1,0.154731336668246,0.0692470067885134,0,0,0.861505986422973,0.223230132081398,1,1,P2P_ACCAG,AVQ2021,N
4,0.907753579575145,0.529358422126502,0.808430338916963,1,4,3,1.12072242019883,0.617156766193605,0.349138440496763,-2.03053995731543,0.17712431174186,0.808430338916963,0.822262525504421,0.933877427643014,NORDINI,AVQ2021,O
8,1.94851440423565,0.302115485959497,0.814492631988702,1,8,7,1.69368981434945,0.781711481810484,0.423854571144408,-1.77220808071714,0.106615449359447,0.814492631988702,0.564480915455846,0.773093427689528,SPINTCOM,AVQ2021,O
1,0,1,0,8,8,0,0,0,0,0,NA,0,1,1,PREST,AVQ2021,N
1,0,1,0,10,10,0,0,0,0,0,NA,0,1,1,TIPOPRO_NO,AVQ2021,N
6,1.28006927982713,0.846385753347823,0.34668730247972,1,6,5,0.621180257079169,0.275583694133095,1.34275401918384,-0.113316849072091,0.669299567040286,0.34668730247972,0.911986725560308,0.970646661525158,USOCEL,AVQ2021,O
5,1.18533586114769,0.70421686746988,0.583312124665518,1,5,4,0.938804648219171,0.470584147740889,0.982907771598953,-1.03511484955057,0.411769815323889,0.583312124665518,0.862164040778499,0.944555143651529,LQUOT,AVQ2021,O
5,1.3080305776876,0.684468386467597,0.611923250321604,1,5,4,0.984852478567492,0.495686512265857,0.978729595297562,-1.03304116960808,0.380391859667678,0.611923250321604,0.831541551535979,0.942090231499756,QUONLINE,AVQ2021,O
2,0.492580240419864,0.585850815850816,0.97862788291665,1,2,1,0.678333157861024,0.485259274835499,0,0,0.0294814503290028,0.97862788291665,1,1,LIBRI,AVQ2021,N
25,5.98154475209843,0.175775313783982,0.797954139434508,1,25,24,2.56851528877925,0.899859870687681,1.32832609584904,0.580109458193333,0.0626459680336661,0.797954139434508,0.327798727978837,0.433387741318174,NLIBRIM,AVQ2021,O
26,5.54312896918486,0.167782968424607,0.784619271698995,0,25,25,2.55636533278743,0.900240734923709,1.23548488758448,0.163981175344802,0.0637496356793424,0.784619271698995,0.308099285191647,0.431305228794957,NLIBRI_CARM,AVQ2021,O
22,3.63551159722529,0.723082118534361,0.393615225189553,0,25,25,1.2166813713491,0.465271640076841,3.96231396201891,14.6595581332009,0.512572567538548,0.393615225189553,0.801091911971633,0.859289694377216,NLEBOOM,AVQ2021,O
5,0.527978274327673,0.95362188326673,0.152702586679618,0,4,4,0.245765332328931,0.0899223230010474,1.07276495399464,-0.920656528042678,0.887597096248691,0.152702586679618,0.974559576743401,0.986548094782462,NLAUDIOM,AVQ2021,O
4,0.989478872257778,0.722416526767394,0.645853906994034,1,4,3,0.895343629373079,0.452379812711556,0.749620479783539,-1.68775601171738,0.396826916384592,0.645853906994034,0.820719082260772,0.910767580675247,RIVSET,AVQ2021,N
2,0.351921106425326,0.85518224965514,0.596718316223986,1,2,1,0.413613618479134,0.247691139059828,0,0,0.504617721880345,0.596718316223986,1,1,NOSETT,AVQ2021,N
6,1.2408718209002,0.361636325296971,0.812184983715019,1,6,5,1.45524013533622,0.729681824785831,0.303721004464644,-1.91108465171938,0.124381810257002,0.812184983715019,0.682598814460767,0.826339589044305,CHIES,AVQ2021,O
4,0.750582455775863,0.552026150314403,0.778278335190497,1,4,3,1.07892286745636,0.597290453806995,0.367686602030712,-2.00796222862337,0.20361272825734,0.778278335190497,0.842000199620721,0.947549655654257,SITEC,AVQ2021,O
4,0.683999355943121,0.655064792389703,0.708900896503554,1,4,3,0.982745315415712,0.52333662336133,0.66937190499727806,-1.73165146344598,0.302217835518226,0.708900896503554,0.8121644902749,0.957229532346259,SALUT,AVQ2021,O
4,0.67899215773217,0.569110366554983,0.70807231325959,1,4,3,0.981596655136887,0.564155495205063,0.270177312301818,-2.10045611354446,0.247792673059916,0.70807231325959,0.891708756313447,0.977671650747612,RELFAM,AVQ2021,O
4,0.78146473009379,0.548637159289822,0.818733337539121,1,4,3,1.13500540909135,0.618413994596424,0.525988256329039,-1.79070092679435,0.175448007204769,0.818733337539121,0.751862965741435,0.941110277569392,RELAM,AVQ2021,O
4,0.839360110704204,0.47127558424661,0.875390247653404,1,4,3,1.21354856410126,0.66245550448352,0.303899702008574,-2.10141575087512,0.116725994021973,0.875390247653404,0.769328929590152,0.885978081369164,TEMLIB,AVQ2021,O
4,0.726677730250295,0.613225156168338,0.759182820008496,1,4,3,1.05245086243687,0.564969899299545,0.637649235568375,-1.75137816883146,0.24670680093394,0.759182820008496,0.799681441477315,0.945421965605635,AMBIENTE,AVQ2021,O
2,0.38463500376318,0.819467699612645,0.681240136741959,1,2,1,0.472199680066961,0.295880777808409,0,0,0.408238444383181,0.681240136741959,1,1,PAESAGGIO,AVQ2021,N
2,0.115434764457709,0.986492709132771,0.10323656538728,1,2,1,0.0715581342288859,0.0266496879213149,0,0,0.94670062415737,0.10323656538728,1,1,PPAPO,AVQ2021,N
2,0.170962693369941,0.969864351043058,0.195071675153597,3,4,1,0.135213381639821,0.0584549832377714,0,0,0.883090033524457,0.195071675153597,1,1,PSIND,AVQ2021,N
2,0.236632255237946,0.940461819022423,0.325608935838084,5,6,1,0.225694915841292,0.111986771966916,0,0,0.776026456066167,0.325608935838084,1,1,PGRVO,AVQ2021,N
2,0.10815655382998,0.988162330476852,0.0927433248637589,1,2,1,0.0642847741450695,0.0233950782068171,0,0,0.953209843586366,0.0927433248637589,1,1,PAECO,AVQ2021,N
2,0.228526391460813,0.94472129463139,0.308410758914812,3,4,1,0.213774047996155,0.104445940202762,0,0,0.791108119594477,0.308410758914812,1,1,PCULT,AVQ2021,N
2,0.172261931342665,0.969389594006642,0.197443837559486,5,6,1,0.136857639323294,0.0593468180765593,0,0,0.881306363846881,0.197443837559486,1,1,PASPRO,AVQ2021,N
2,0.152772564667187,0.976089413537611,0.162867312044052,1,2,1,0.112891018148712,0.0466777406348264,0,0,0.906644518730347,0.162867312044052,1,1,COMIZ,AVQ2021,N
2,0.117963596838019,0.985885727224696,0.106974428984567,3,4,1,0.074149023842663,0.0278301201586562,0,0,0.944339759682688,0.106974428984567,1,1,CORTEI,AVQ2021,N
2,0.333388794117373,0.872632135040628,0.550175101024513,5,6,1,0.381352320089424,0.222290583870127,0,0,0.555418832259747,0.550175101024513,1,1,DIBPO,AVQ2021,N
2,0.111032019682777,0.987516359609383,0.0968414630248212,7,8,1,0.067125387056955,0.0246555982264298,0,0,0.95068880354714,0.0968414630248212,1,1,FINPA,AVQ2021,N
2,0.335767975679279,0.870489820600685,0.55609331831473,1,2,1,0.385454515718079,0.225474585662544,0,0,0.549050828674912,0.55609331831473,1,1,FINAS,AVQ2021,N
2,0.267139025183196,0.922656525462147,0.392748880865305,3,4,1,0.27223277943986,0.142722922968531,0,0,0.714554154062937,0.392748880865305,1,1,VOLON,AVQ2021,N
2,0.151498466162097,0.976496372430472,0.160684408876404,5,6,1,0.111377944972621,0.0459024141212026,0,0,0.908195171757595,0.160684408876404,1,1,ATGRA,AVQ2021,N
2,0.0784547692022431,0.99380664652568,0.0543360348593233,7,8,1,0.0376628693655469,0.0123099916941247,0,0,0.97538001661175,0.0543360348593233,1,1,VOLPA,AVQ2021,N
2,0.0905224858995182,0.991737619023628,0.0690400027476401,1,2,1,0.0478548832503776,0.0163882280739458,0,0,0.967223543852109,0.0690400027476401,1,1,VOLSI,AVQ2021,N
2,0.279291504742327,0.914726707758138,0.420492714763219,1,2,1,0.291463339684123,0.156003515744193,0,0,0.687992968511615,0.420492714763219,1,1,INCSPI,AVQ2021,N
6,2.04239882922356,0.317897776781935,0.88981450873627,1,6,5,1.59433357188472,0.770645101823992,0.157837527101589,-2.02579960267807,0.07522587781121,0.88981450873627,0.576169492369358,0.790848208728558,POLITI,AVQ2021,O
1,0,1,0,1,1,0,0,0,0,0,NA,0,1,1,PRADIO,AVQ2021,N
1,0,1,0,2,2,0,0,0,0,0,NA,0,1,1,PTELEV,AVQ2021,N
1,0,1,0,3,3,0,0,0,0,0,NA,0,1,1,PQUOT,AVQ2021,N
1,0,1,0,4,4,0,0,0,0,0,NA,0,1,1,PSETT,AVQ2021,N
1,0,1,0,5,5,0,0,0,0,0,NA,0,1,1,PARIV,AVQ2021,N
1,0,1,0,6,6,0,0,0,0,0,NA,0,1,1,PAMICI,AVQ2021,N
1,0,1,0,7,7,0,0,0,0,0,NA,0,1,1,PPAREN,AVQ2021,N
1,0,1,0,8,8,0,0,0,0,0,NA,0,1,1,PCONOS,AVQ2021,N
1,0,1,0,9,9,0,0,0,0,0,NA,0,1,1,PCOLAV,AVQ2021,N
1,0,1,0,10,10,0,0,0,0,0,NA,0,1,1,ORGPOL,AVQ2021,N
1,0,1,0,11,11,0,0,0,0,0,NA,0,1,1,ORGSIN,AVQ2021,N
1,0,1,0,12,12,0,0,0,0,0,NA,0,1,1,ALTPOL,AVQ2021,N
2,0.498925599700292,0.532889798703514,0.996876506610942,1,2,1,0.690982139923822,0.497836522282485,0,0,0.00432695543503073,0.996876506610942,1,1,PWEB,AVQ2021,N
1,0,1,0,1,1,0,0,0,0,0,NA,0,1,1,NPOLI,AVQ2021,N
1,0,1,0,2,2,0,0,0,0,0,NA,0,1,1,NTPOLI,AVQ2021,N
1,0,1,0,3,3,0,0,0,0,0,NA,0,1,1,POLCOM,AVQ2021,N
1,0,1,0,4,4,0,0,0,0,0,NA,0,1,1,SFIPOL,AVQ2021,N
1,0,1,0,5,5,0,0,0,0,0,NA,0,1,1,NALTPO,AVQ2021,N
2,0.45195754087067,0.713867919812028,0.863672246026774,1,2,1,0.598651982261334,0.408521025750552,0,0,0.182957948498897,0.863672246026774,1,1,UFFAN,AVQ2021,N
5,1.13229402234857,0.470557215679381,0.803377750863096,1,5,4,1.2929866102451,0.671534338269129,0.474204004961235,-1.75747601258146,0.160582077163588,0.803377750863096,0.756899279310951,0.897609421690983,TUFAN,AVQ2021,O
5,1.48935489012509,0.373130130155727,0.839826792324058,1,5,4,1.35164907944426,0.699970030354885,0.229581532115527,-2.21833034060072,0.125037462056393,0.839826792324058,0.741504078553712,0.860894469020891,GORAR,AVQ2021,O
7,2.50035187761484,0.307847339149957,0.868608919035329,1,7,6,1.69023491111081,0.785725990923361,0.493090695185039,-1.57439884028512,0.0833196772560793,0.868608919035329,0.588652482269504,0.69824991070973,CORAR,AVQ2021,N
2,0.481675428312779,0.634143900730511,0.947437073006962,1,2,1,0.656713335912743,0.464010827793605,0,0,0.0719783444127892,0.947437073006962,1,1,USOSS,AVQ2021,N
5,1.20268979525811,0.343689721686415,0.928505555061541,1,5,4,1.49437204222171,0.755179469204969,0.150468949532067,-1.94534531023223,0.0560256634937885,0.928505555061541,0.595136401212455,0.806833838523009,TEMSS,AVQ2021,O
5,1.47928193780966,0.399974525538148,0.816268910554883,1,5,4,1.31373413138831,0.68560407335704,0.245783051714475,-2.20472523127869,0.1429949083037,0.816268910554883,0.764335753407209,0.885033753661954,GOUSL,AVQ2021,O
7,2.49686156804338,0.339367552703941,0.863135321030291,1,7,6,1.67958378120096,0.780852303358474,0.618209550154088,-1.27560875886523,0.089005646081781,0.863135321030291,0.591684489255525,0.701293410734291,COUSL,AVQ2021,N
2,0.492211913591073,0.587940200164724,0.977569405641089,1,2,1,0.677599477321783,0.484533042389977,0,0,0.0309339152200469,0.977569405641089,1,1,UFFPOS,AVQ2021,N
4,0.770101794759384,0.460701115208602,0.721310683595175,1,4,3,0.999948933283525,0.583380757482935,9.5908392958599e-4,-2.43620918752032,0.222158990022754,0.721310683595175,0.908073043941885,0.955880392766695,RACCO,AVQ2021,O
4,0.513935737694741,0.86556945955749,0.351508286093276,1,4,3,0.487293954898026,0.23947509991713,0.72733278183462,-1.70401498432345,0.68069986677716,0.351508286093276,0.969758795792528,0.985808850199492,VAGLIA,AVQ2021,O
4,0.915817707716715,0.623428163738518,0.741521090498509,1,4,3,1.02796650640955,0.551188816690606,0.616084376657789,-1.79513134913584,0.265081577745858,0.741521090498509,0.841032729867119,0.929501471506287,VCOC,AVQ2021,O
4,0.981942728139482,0.831496062992126,0.433862703018897,1,4,3,0.601461418695331,0.294636355607405,0.728303351047238,-1.70327647355508,0.607151525856793,0.433862703018897,0.942497187851519,0.972553430821147,RPENS,AVQ2021,O
4,0.718688462368262,0.467329927399839,0.704605753939858,1,4,3,0.976790983499455,0.57577056045973,-2.9440743037159e-4,-2.43314194848346,0.232305919387027,0.704605753939858,0.917002778524693,0.968046966030295,RPARA,AVQ2021,O
5,1.16226607781976,0.357654393798972,0.915030154436612,1,5,4,1.47268422157071,0.747488856305283,0.146485449704237,-1.88850067666602,0.0656389296183962,0.915030154436612,0.599292273991069,0.823658269441402,TRACC,AVQ2021,O
5,1.19125198173257,0.331593597773138,0.934414305360853,1,5,4,1.50388180896853,0.759467817676682,0.0741335266296465,-1.97190173391072,0.0506652279041477,0.934414305360853,0.586986778009742,0.797842727905358,TVAGL,AVQ2021,O
5,1.18669399751503,0.345481227834169,0.928403617236895,1,5,4,1.49420797962202,0.754645375195124,0.194478481512496,-1.94680327167021,0.0566932810060953,0.928403617236895,0.604745016509722,0.802983979454568,TCCP,AVQ2021,O
5,1.29659908502307,0.292676134781398,0.96657346307626,1,5,4,1.55563997662765,0.77876969102108,0.0870582809609418,-2.0357734703376,0.0265378862236503,0.96657346307626,0.5421888053467,0.74129768866611,TRPEN,AVQ2021,O
5,1.16871501429381,0.362779740871614,0.917645812739261,1,5,4,1.47689396120897,0.747989984158497,0.235489609066111,-1.81825272992673,0.0650125198018791,0.917645812739261,0.602052835268383,0.81675921251893,TPARA,AVQ2021,O
5,1.45131416123814,0.41283867855057,0.861168376086415,1,5,4,1.38599703346278,0.709551637870132,0.377881345365081,-1.94772760593199,0.113060452662335,0.861168376086415,0.712983418399736,0.834818821258983,GOSPO,AVQ2021,O
7,2.49186754644809,0.310340450379548,0.871497445289037,1,7,6,1.69585572366371,0.786533908643233,0.507084204098362,-1.5592557259007,0.082377106582895,0.871497445289037,0.586635862804336,0.696717357637919,COSPO,AVQ2021,N
2,0.493665695795766,0.579374189040822,0.981744152837897,1,2,1,0.6804931915708,0.487399476228224,0,0,0.0252010475435529,0.981744152837897,1,1,BANCA,AVQ2021,N
5,0.952544002206353,0.49486199067989,0.725839991298755,1,5,4,1.16819440035705,0.630807801826726,0.392785229493533,-1.92321953170663,0.211490247716592,0.725839991298755,0.823933564344605,0.94407934042299,TABAN,AVQ2021,O
2,0.455596569178736,0.706002419110977,0.87382935033209,1,2,1,0.605692350473217,0.415126006640851,0,0,0.169747986718298,0.87382935033209,1,1,BANCM,AVQ2021,N
2,0.477501149417829,0.648318823559447,0.935560533404534,1,2,1,0.648481145972512,0.456003053155883,0,0,0.0879938936882341,0.935560533404534,1,1,CCRED,AVQ2021,N
7,0.937687808148835,0.79578947368421,0.370420530459748,1,7,6,0.720805069640076,0.346182606776658,1.5362902261806,0.609016854568416,0.5961202920939,0.370420530459748,0.934228675136116,0.963702359346642,NCCREDM,AVQ2021,O
6,1.02619444687741,0.690085988872028,0.592720502986435,1,6,5,1.06201257383156,0.497145866130199,1.29580926221752,-0.195372152669766,0.403424960643761,0.592720502986435,0.818310571573091,0.901365705614568,USOTRAM,AVQ2021,O
4,0.796168245774834,0.522009907997169,0.833566831150839,1,4,3,1.15556899764098,0.630172741337765,0.419240790901897,-1.98301014539572,0.159769678216313,0.833566831150839,0.800141542816702,0.901486199575372,FCORS,AVQ2021,O
4,0.805113759087821,0.512011371712864,0.842853036247623,1,4,3,1.16844241140286,0.6372901862906,0.40149952277553,-2.00065765918686,0.150279751612533,0.842853036247623,0.793461265103056,0.89907604832978,PUNT,AVQ2021,O
4,0.801239009332876,0.497236002834869,0.846337306651711,1,4,3,1.17327263581666,0.642551542728215,0.319818293937629,-2.07939632723672,0.143264609695714,0.846337306651711,0.795889440113395,0.907441530829199,POSSE,AVQ2021,O
4,0.719079065655772,0.606194061656485,0.754839951173771,1,4,3,1.04643036786021,0.565344490191548,0.577631992873068,-1.82385066441916,0.24620734641127,0.754839951173771,0.836766586162807,0.937064923994886,VELCO,AVQ2021,O
4,0.850141870292014,0.425205790519444,0.88252958546364,1,4,3,1.22344578784972,0.674621434635491,0.0133000599700115,-2.23458488500233,0.100504753819345,0.88252958546364,0.760431450468351,0.922083451603747,PULIZ,AVQ2021,O
4,0.835751538752882,0.394072603516733,0.874506178437559,1,4,3,1.21232298393249,0.673907451621839,-0.14204457211801,-2.26149717640856,0.101456731170881,0.874506178437559,0.764038570618264,0.937180941576858,COMOF,AVQ2021,O
4,0.790240687465581,0.538877043354655,0.819518440547895,1,4,3,1.13609379296531,0.618813375502425,0.458492706257465,-1.94022880237138,0.1749154993301,0.819518440547895,0.807249466950959,0.913574982231699,COLLEG,AVQ2021,O
4,0.794070660948058,0.515104240533258,0.829706004815144,1,4,3,1.15021675586255,0.630370849366794,0.354307353052046,-2.03959764186423,0.159505534177608,0.829706004815144,0.807261381364345,0.917174868812934,COMOR,AVQ2021,O
4,0.83838973754762,0.452428287418347,0.871796076891986,1,4,3,1.2085659854418,0.66474448234922,0.143743077081134,-2.18888893275355,0.113674023534373,0.871796076891986,0.77321783584209,0.917779040045442,CPSBI,AVQ2021,O
11,1.98859846343209,0.235361488904796,0.846321996363264,0,10,10,2.02939151434475,0.840358985841939,0.60432843364837,-1.45706457236201,0.0756051155738675,0.846321996363264,0.447530422333572,0.615032211882606,VOTOBU,AVQ2021,S
5,0.726777744715014,0.859095609190184,0.34768362297938,1,5,4,0.559575204355458,0.253426941596539,1.05633843020178,-0.941603556006223,0.683216323004327,0.34768362297938,0.945978663842022,0.96592771935134,USOPUL,AVQ2021,O
4,0.78052472922215,0.52053785227482,0.822024186706836,1,4,3,1.13956749473585,0.625007748343704,0.353581006292831,-2.04893106763611,0.166656335541729,0.822024186706836,0.815435623503408,0.911954319395837,FRCMT,AVQ2021,O
4,0.730410522318269,0.601954277286136,0.765458014164451,1,4,3,1.06115012871021,0.571865604959059,0.596765192476318,-1.80144943171881,0.237512526721255,0.765458014164451,0.823008849557522,0.936578171091445,PUNMT,AVQ2021,O
4,0.737128808018393,0.596610793884693,0.773999493134382,1,4,3,1.07299113284185,0.579258337870942,0.608965608120244,-1.76515492429995,0.227655549505411,0.773999493134382,0.792226929452938,0.945846380548904,SEDMT,AVQ2021,O
4,0.690329177081618,0.642843951985226,0.72022899479838,1,4,3,0.998449394204041,0.533516334452791,0.643097683495421,-1.76315875992594,0.288644887396278,0.72022899479838,0.840258541089566,0.947553093259464,VELMT,AVQ2021,O
4,0.818378517109888,0.485709017149179,0.854460873995357,1,4,3,1.18453429141734,0.649252205002093,0.283727238865864,-2.10616244547478,0.134330393330543,0.854460873995357,0.789231052922736,0.910381707541951,PULMT,AVQ2021,O
4,0.816485467694643,0.422304147465438,0.860555114505097,1,4,3,1.1929827026713,0.6624941876022,-0.0328944141958086,-2.32151785161325,0.1166744165304,0.860555114505097,0.787649769585253,0.933456221198157,ATTMT,AVQ2021,O
4,0.781359539096065,0.521321764814473,0.820586600812162,1,4,3,1.13757457751644,0.624235458360683,0.35196116614524,-2.04727061221067,0.16768605551909,0.820586600812162,0.81613439172974,0.917297397083257,COLCO,AVQ2021,O
4,0.777756940742808,0.495750184774575,0.82265038439357,1,4,3,1.14043558905792,0.631324398055511,0.211182023152855,-2.18218292699644,0.158234135925986,0.82265038439357,0.822062084257206,0.928307464892831,ORAMT,AVQ2021,O
4,0.812890071617619,0.478292998337336,0.850792661810801,1,4,3,1.1794490695505,0.649105141951339,0.217167012930445,-2.15849348174582,0.134526477398215,0.850792661810801,0.794568631073342,0.919637908738223,CBMT,AVQ2021,O
4,0.814727048874118,0.499351971857063,0.846095202178061,1,4,3,1.17293700775004,0.642459697969898,0.330956506178707,-2.04941177418852,0.143387069373469,0.846095202178061,0.792260692464358,0.916311794112201,INFMT,AVQ2021,O
11,1.91289039610963,0.249484922270088,0.828952762351719,0,10,10,1.98774191021634,0.831948701068142,0.671455267536454,-1.31605440311115,0.0848564288250439,0.828952762351719,0.473496909533621,0.631391646375726,VOTOPU,AVQ2021,S
5,0.656012930334875,0.743098719142404,0.451929436982702,1,5,4,0.727352369624959,0.40109748267287,0.89460397863452,-1.1779413114682,0.498628146658912,0.451929436982702,0.957522836508216,0.980724225571856,USTRE,AVQ2021,O
4,0.6771509740676,0.64189794091316,0.707190073758058,1,4,3,0.980373611490756,0.528644379951877,0.596285268471054,-1.81165139063826,0.29514082673083,0.707190073758058,0.865413309459863,0.945091017606685,FRTRE,AVQ2021,O
4,0.740571761983767,0.559597368945585,0.77672274014827,1,4,3,1.07676635482114,0.5929066607062,0.402137652568438,-1.99555149653701,0.20945778572506701,0.77672274014827,0.845525214271477,0.934123978473191,PUTRE,AVQ2021,O
4,0.659609640729115,0.666003184713376,0.691080462538153,1,4,3,0.958040948296767,0.510427971215871,0.66598701562555,-1.73653970057328,0.319429371712172,0.691080462538153,0.833996815286624,0.961783439490446,PSTRE,AVQ2021,O
4,0.689364944717586,0.648495116603548,0.715781405353032,1,4,3,0.992283726035379,0.528456784902231,0.654159960650203,-1.75554396907541,0.295390953463692,0.715781405353032,0.840940801275663,0.946083316723141,VETRE,AVQ2021,O
4,0.78789174907303,0.445571130331047,0.832517322464798,1,4,3,1.15411406966758,0.646532135023107,-0.00827158299861894,-2.29701630876109,0.137957153302524,0.832517322464798,0.8107167710508,0.948305000497067,PULSTR,AVQ2021,O
4,0.729938822752604,0.521968715751719,0.776143750750426,1,4,3,1.07596370508376,0.603777441221788,0.206153655991314,-2.18696937815389,0.194963411704282,0.776143750750426,0.858025306366444,0.948490584836106,COMAT,AVQ2021,O
4,0.726300943427338,0.572927072927073,0.763469323121611,1,4,3,1.05839321753151,0.582321554569307,0.428298404244268,-1.97263757524985,0.223571260574258,0.763469323121611,0.853246753246753,0.933166833166833,COLCOM,AVQ2021,O
4,0.691137334757332,0.601016645071265,0.730026719159768,1,4,3,1.01203192423804,0.557264028804616,0.466937879538811,-1.93582757331084,0.256981294927179,0.730026719159768,0.871723313066879,0.937506229442839,COMORA,AVQ2021,O
4,0.763943984529123,0.462909489196455,0.812327831842797,1,4,3,1.12612549266442,0.633174928212946,0.0319490240746683,-2.31201502504999,0.155766762382739,0.812327831842797,0.831524444886986,0.950911082345913,COBIG,AVQ2021,O
4,0.712111052621477,0.600858797683243,0.744369895699652,1,4,3,1.03191578899583,0.563059589552458,0.511028445466004,-1.89327599038725,0.249253880596723,0.744369895699652,0.857199920111843,0.929698422208908,INFTR,AVQ2021,O
11,1.72109618745651,0.285004471827487,0.778998569757183,0,10,10,1.86795698793744,0.806299306715896,0.808190814178904,-1.09085117692119,0.113070762612514,0.778998569757183,0.531451853324058,0.700486932326344,VOTOTR,AVQ2021,S
2,0.105708196373429,0.988698342773233,0.0893038146152793,1,2,1,0.0619006873138289,0.022347859541392,0,0,0.955304280917216,0.0893038146152793,1,1,BIKESH,AVQ2021,N
4,0.412110507283626,0.989914964222752,0.0461845241783733,1,23,22,0.0640253454394841,0.0200154176183498,0.7499413082177,-1.68753913830744,0.973312776508867,0.0461845241783733,0.996396349683708,0.999688893497874,CARSH,AVQ2021,N
5,0.886930812996735,0.872884211617719,0.341605759952792,1,5,4,0.549793261173885,0.233569802114759,1.07112266873632,-0.922629249273081,0.708037747356552,0.341605759952792,0.920967365665258,0.952798154436351,USOCICL,AVQ2021,O
5,1.6515712735553,0.492083563845201,0.768692350163732,1,5,4,1.23716261135158,0.656882931436391,0.463016042285639,-1.61670876704938,0.178896335704512,0.768692350163732,0.737506256750705,0.933322795647936,USOAUT,AVQ2021,O
1,0,1,0,1,1,0,0,0,0,0,NA,0,1,1,SERRA,AVQ2021,N
1,0,1,0,2,2,0,0,0,0,0,NA,0,1,1,ESTINZ,AVQ2021,N
1,0,1,0,3,3,0,0,0,0,0,NA,0,1,1,CAMCLI,AVQ2021,N
1,0,1,0,4,4,0,0,0,0,0,NA,0,1,1,SMARIF,AVQ2021,N
1,0,1,0,5,5,0,0,0,0,0,NA,0,1,1,AMRUM,AVQ2021,N
1,0,1,0,6,6,0,0,0,0,0,NA,0,1,1,IARIA,AVQ2021,N
1,0,1,0,7,7,0,0,0,0,0,NA,0,1,1,INQSU,AVQ2021,N
1,0,1,0,8,8,0,0,0,0,0,NA,0,1,1,INQFIU,AVQ2021,N
1,0,1,0,9,9,0,0,0,0,0,NA,0,1,1,DISDR,AVQ2021,N
1,0,1,0,10,10,0,0,0,0,0,NA,0,1,1,CATASTR,AVQ2021,N
4,1.08693251567097,0.378334417696812,0.943840199559848,1,4,3,1.30844034644809,0.711549712279716,0.0959974757351084,-2.29635475997319,0.0512670502937118,0.943840199559848,0.689454982233122,0.85693909213753106,ETICHET,AVQ2021,O
4,0.998793010491534,0.410131539311176,0.950794610396884,1,4,3,1.31808120697638,0.713219132674309,0.585873815809499,-1.76765624964589,0.0490411564342546,0.950794610396884,0.628828195601968,0.844914148006828,BIOLOG,AVQ2021,O
4,0.98668085574935,0.42611770015797,0.928537704833765,1,4,3,1.28722658429825,0.698412427557475,0.383172013978219,-2.01321707539882,0.0687834299233662,0.928537704833765,0.699556179634412,0.857175095910333,ALOCAL,AVQ2021,O
4,0.633009828010367,0.881948797673077,0.350070279427789,1,4,3,0.485300454366408,0.216901367172011,0.747406908802165,-1.68928318527656,0.710798177103986,0.350070279427789,0.941601263759685,0.971615556279933,GCARTE,AVQ2021,O
4,0.841216259764618,0.683828316722592,0.661905870264447,1,4,3,0.917596375539757,0.486910211836007,0.653019861221925,-1.76389487961731,0.350786384218657,0.661905870264447,0.878875143987579,0.946136124605599,SPRACQUA,AVQ2021,O
4,0.813152246295573,0.699887345099512,0.636774263227901,1,4,3,0.882756570419112,0.467676783202388,0.657161571114238,-1.7605031658642,0.376430955730149,0.636774263227901,0.890799849793466,0.951358117411441,SPRENER,AVQ2021,O
4,0.702116045522782,0.831285456256837,0.449564890839712,1,4,3,0.623229273128571,0.297576554229446,0.740698032867265,-1.69403673594315,0.603231261027405,0.449564890839712,0.922740339362487,0.965809356635885,DOPFIL,AVQ2021,O
4,1.34735442211719,0.516365026765231,0.808805005743582,1,4,3,1.12124181870787,0.619777667590279,0.276178986620521,-2.12591170105851,0.173629776546294,0.808805005743582,0.831277083864389,0.92528677032883,ARUMOR,AVQ2021,O
4,1.14634160108535,0.428018908465836,0.943560086531592,1,4,3,1.30805202733654,0.706550729400529,0.690636636203603,-1.73145901217434,0.0579323607992949,0.943560086531592,0.646174069111959,0.828610429990647,TRASPO,AVQ2021,O
4,0.982753233756624,0.366105527638191,0.966263693474688,1,4,3,1.33952590961884,0.72609123759501,0.289963922910968,-2.05391873537984,0.0318783498733197,0.966263693474688,0.637788944723618,0.834145728643216,USAGETT,AVQ2021,O
6,1.30480643464487,0.493753111000498,0.806700409786282,1,6,5,1.44541309806472,0.691976088933795,1.09843726461534,-0.531294940386175,0.169628693279446,0.806700409786282,0.665530114484818,0.819935291189647,SICURO,AVQ2021,N
11,1.6620160972803,0.299785653756044,0.763668487311981,0,10,10,1.83119705571048,0.802815397882677,0.887714234779276,-0.751152297750822,0.116903062329055,0.763668487311981,0.550844922984896,0.698669059368925,VOTOVI,AVQ2021,O
4,1.16063325473865,0.324833316747935,0.956363588413138,1,4,3,1.32580144979752,0.723784183196436,-0.596049794444097,-1.7893812718328,0.0349544224047515,0.956363588413138,0.621230968255548,0.885162702756493,FUTUASP,AVQ2021,O
2,0.440398019275214,0.736758144520053,0.831599079327317,1,2,1,0.576420557191976,0.387891162006843,0,0,0.224217675986313,0.831599079327317,1,1,FIDUCIA,AVQ2021,N
11,1.96701565338352,0.250705209815522,0.818270326437389,0,10,10,1.96212654763539,0.835387884499959,0.483608546366395,-1.32222892817883,0.0810733270500452,0.818270326437389,0.452257919568636,0.603709528445543,FIDMED,AVQ2021,O
11,1.96186420189637,0.244650534946505,0.820855091094826,0,10,10,1.96832454258876,0.836042799329706,0.485993415019878,-1.37700923143263,0.0803529207373233,0.820855091094826,0.452279772022798,0.616263373662634,FIDINF,AVQ2021,O
11,2.15222020953472,0.233175663838627,0.838027168335134,0,10,10,2.00950138542742,0.845139196358186,0.315515792430102,-1.56660097310216,0.0703468840059951,0.838027168335134,0.404559901894537,0.559351302650349,FIDSCIE,AVQ2021,O
2,0.225092659481097,0.946468881006127,0.301211619585212,5,6,1,0.208783984867384,0.101331076586274,0,0,0.797337846827453,0.301211619585212,1,1,NEUROB,AVQ2021,N
4,0.74126708387782,0.498339294839039,0.774561073320294,1,4,3,1.07376964828689,0.613321275851868,0.0868206066635765,-2.20777283057865,0.182238298864176,0.774561073320294,0.847853857945835,0.971895758814512,BMI,AVQ2021,O
26,18.454477366413,0.106513653714398,0.882233662955013,0,100,100,2.87440244299974,0.934944804333034,0.407138605171357,-1.28153443544645,0.0276574034936447,0.882233662955013,0.192938240187922,0.277331897817363,MH,AVQ2021,S
2,0.439926651373528,0.737693511915116,0.830206987185007,1,2,1,0.575455632448455,0.387003588786917,0,0,0.225992822426165,0.830206987185007,1,1,BMIMIN,AVQ2021,N
4,0.624727275070253,0.683422154966336,0.657541111145701,1,4,3,0.911545534585792,0.489226569707233,0.659172417160522,-1.73826839724098,0.347697907057022,0.657541111145701,0.845099458297695,0.975327324166064,SENELE,AVQ2021,O
4,0.593997612877638,0.607912801280786,0.625058923930334,1,4,3,0.866515661612288,0.518441472819036,0.288044028443024,-2.10481975987632,0.308744702907952,0.625058923930334,0.938329276048863,0.990657280084216,GCONT,AVQ2021,O
4,0.664861023518892,0.586485953023225,0.70033355172212,1,4,3,0.97086845365544,0.556115307663482,0.335524425378334,-2.02581002167463,0.258512923115357,0.70033355172212,0.888062811149856,0.98081014101805,GASBAL,AVQ2021,O
4,0.708601848644855,0.602144877952497,0.753119381436525,1,4,3,1.04404515173555,0.570696686228975,0.568554832329434,-1.77435231445377,0.239071085028033,0.753119381436525,0.786104348970327,0.963791477509485,GDISPL,AVQ2021,O
4,0.819279422193886,0.509112441608001,0.854945361156687,1,4,3,1.18520593323712,0.644284927361093,0.453129408639975,-1.93675987894972,0.14095343018521,0.854945361156687,0.7749851963945,0.903546285939864,GCBOL,AVQ2021,O
4,0.835608899813661,0.478496392306511,0.87005559909643,1,4,3,1.20615317088817,0.658401222803626,0.322912044252791,-2.0789567287506,0.122131702928498,0.87005559909643,0.773186832467048,0.892734171107748,GINF,AVQ2021,O
4,0.574567669131388,0.687654426173639,0.602008571802195,1,4,3,0.834561088435222,0.468857818773684,0.561767686964576,-1.83418372767719,0.374856241635088,0.602008571802195,0.918604981397859,0.987787907188095,SGAS,AVQ2021,O
4,0.676275633520361,0.637187242623044,0.713706597067183,1,4,3,0.989407431008302,0.537298657756244,0.611997150275985,-1.76237984914399,0.283601789658342,0.713706597067183,0.823521058760047,0.968333759336571,FLGAS,AVQ2021,O
4,0.78812135156434,0.532390446167391,0.829845023026622,1,4,3,1.15040947602521,0.626309434877155,0.470092348997759,-1.90704089827909,0.164920753497127,0.829845023026622,0.791741217233251,0.921388202550339,COMBOL,AVQ2021,O
4,0.804025375016839,0.505410241117833,0.845148594791028,1,4,3,1.1716247312672,0.640057475177773,0.36869072886054,-2.03236622071279,0.146590033096303,0.845148594791028,0.793814432989691,0.902814461389907,SERINF,AVQ2021,O
4,0.577038024817219,0.688279230922155,0.604972120694132,1,4,3,0.838669439553017,0.469415924835744,0.569703450028242,-1.82618067738548,0.374112100219008,0.604972120694132,0.915196955496862,0.987333503734628,SICURET,AVQ2021,O
5,0.919499329518135,0.401013224554247,0.804383155708674,1,5,4,1.29460474692092,0.695765988242772,0.0226187561280232,-2.02434752403444,0.130292514696536,0.804383155708674,0.70811676206768,0.91767002215058,SPORCO,AVQ2021,O
5,1.10294222129222,0.400377217799417,0.8578297821614,1,5,4,1.38062377382564,0.72085036461801,0.148451029950117,-1.6289623260468,0.0989370442274869,0.8578297821614,0.649494484286247,0.844595039147312,PARCH,AVQ2021,O
5,1.11207030425638,0.351996841897493,0.907453815714317,1,5,4,1.46049057479361,0.744141506241745,0.0719957031488628,-1.98582494957652,0.0698231171978192,0.907453815714317,0.627014935193105,0.82830010746321,COLMP,AVQ2021,O
5,0.957229937703032,0.361361493080685,0.827684028883081,1,5,4,1.33210605560063,0.714116921534838,-0.204107817746946,-2.03633260900087,0.107353848081453,0.827684028883081,0.652959624536702,0.903283110730969,TRAF,AVQ2021,O
5,0.988397685825685,0.369322543149769,0.860557641553668,1,5,4,1.38501409415135,0.721376765057772,-0.0365496521918847,-2.06695432062458,0.0982790436777849,0.860557641553668,0.658968791806478,0.884509945829769,INQAR,AVQ2021,O
5,0.924401665068117,0.405267890431388,0.807916600158594,1,5,4,1.3002916063801,0.697456349925089,0.0426600352874503,-1.97255246399651,0.128179562593639,0.807916600158594,0.701318069171217,0.912669693181569,RUMORE,AVQ2021,O
5,0.887282411574878,0.429304559510494,0.797711432571037,1,5,4,1.28386702276194,0.67666325262386,0.255692118357256,-2.08987577285131,0.154170934220176,0.797711432571037,0.767353115336535,0.911309954602276,CRIM,AVQ2021,O
5,0.861850114984626,0.440357918284098,0.745224285466637,1,5,4,1.19939221829662,0.649277955046264,0.241825595642438,-2.16291270348369,0.18840255619217,0.745224285466637,0.813299120556177,0.937715200561441,ODSGR,AVQ2021,O
5,0.967289949894113,0.368905849069018,0.815595693296775,1,5,4,1.3126506300098,0.703864345255311,-0.0806204907914417,-2.10590000945982,0.120169568430862,0.815595693296775,0.698971423558567,0.911200298265237,ILLSTR,AVQ2021,O
5,1.05881410474652,0.29646687282058,0.879811830383787,1,5,4,1.41600251562771,0.747040782565185,-0.664645119310167,-1.3912979452673,0.0661990217935189,0.879811830383787,0.586156984012106,0.795293550014255,CONPAV,AVQ2021,O
2,0.416596220872569,0.776498453845648,0.766509877588616,1,2,1,0.531304160521898,0.347097210041933,0,0,0.305805579916135,0.766509877588616,1,1,PARCHI,AVQ2021,N
2,0.379323254835588,0.825756080443889,0.667321594019398,1,2,1,0.462552081421314,0.287765952107669,0,0,0.424468095784661,0.667321594019398,1,1,TERRAZ,AVQ2021,N
2,0.495075876613373,0.570037502467268,0.985799783589164,3,4,1,0.683304340591433,0.490189496496295,0,0,0.0196210070074101,0.985799783589164,1,1,GARDEN,AVQ2021,N
2,0.40027774869287,0.799642948227493,0.722641623928108,1,2,1,0.500897004181029,0.320428207155072,0,0,0.359143585689856,0.722641623928108,1,1,COMPOST,AVQ2021,N
2,0.452156482291733,0.713465586528035,0.864202342445679,1,2,1,0.599019417099522,0.408864886736484,0,0,0.182270226527032,0.864202342445679,1,1,HACOMP,AVQ2021,N
2,0.500035837683593,0.504452359750668,0.999942800692567,1,2,1,0.693107533021268,0.499960352985301,0,0,7.92940293974683e-5,0.999942800692567,1,1,AGECOMP,AVQ2021,N
2,0.499905239152663,0.510011623571726,0.999710770502587,1,2,1,0.692946701949279,0.499799534786916,0,0,4.0093042616777e-4,0.999710770502587,1,1,TELEF,AVQ2021,N
2,0.490555775950678,0.596774887121049,0.972805929834319,1,2,1,0.674297687496654,0.481269242445416,0,0,0.0374615151091673,0.972805929834319,1,1,NELENC,AVQ2021,N
2,0.253151114065747,0.931179682873873,0.361505804627861,1,2,1,0.250576729233856,0.128168162153572,0,0,0.743663675692856,0.361505804627861,1,1,RISCAL,AVQ2021,N
3,0.500063470183844,0.744176735203373,0.668593836876119,1,3,2,0.734525405319866,0.41059537532023,0.365492532256161,-2.33333333333333,0.384106937019655,0.668593836876119,0.910054405426411,1,TRISC,AVQ2021,N
4,0.67380758523814,0.637154543194812,0.703687727154153,1,4,3,0.975518328143074,0.533004485052024,0.579187610476173,-1.80086633276203,0.289327353263968,0.703687727154153,0.853004316091564,0.96913203624613,SODACQUA,AVQ2021,O
4,0.698828976131118,0.562312159627596,0.72185960087286,1,4,3,1.0007098942103,0.571206028233853,0.26709715537676,-2.10701347114305,0.238391962354862,0.72185960087286,0.885182925451382,0.972273066232798,AGFORN,AVQ2021,O
4,0.713336827508379,0.585700404492351,0.747378758435419,1,4,3,1.03608695843981,0.575120687047274,0.457319329366304,-1.88525087921188,0.233172417270301,0.747378758435419,0.839604094637652,0.967256457189343,AGPRESS,AVQ2021,O
4,0.753632646687366,0.571057329446591,0.792220773169095,1,4,3,1.09825119060636,0.599174085550241,0.54337417593987,-1.78419735585087,0.201101219266345,0.792220773169095,0.767224820916096,0.951234944523535,AGODOR,AVQ2021,O
4,0.714598405668037,0.617811221838067,0.750278173048979,1,4,3,1.04010640056913,0.559726974726633,0.630525941443745,-1.75259978737461,0.253697367031156,0.750278173048979,0.801030438614331,0.951596501932072,AGLETTUR,AVQ2021,O
4,0.686787371901876,0.648995548324407,0.714986416330425,1,4,3,0.991181637236187,0.529358322628168,0.661892160865013,-1.73492460886911,0.294188903162443,0.714986416330425,0.805934060967618,0.957675185863105,AGFATTUR,AVQ2021,O
4,0.798716738364694,0.537839242537229,0.833249722630394,1,4,3,1.15512939188723,0.625905047758524,0.526963071540722,-1.86203079654723,0.165459936321968,0.833249722630394,0.783924253722911,0.913429597993356,AGBOLLET,AVQ2021,O
2,0.29901529670538,0.900739083711648,0.466648365893421,1,2,1,0.32345599913193,0.178816373571898,0,0,0.642367252856204,0.466648365893421,1,1,FOGNA,AVQ2021,N
2,0.499954206113047,0.507160558808694,0.999852050598518,1,2,1,0.693044629849442,0.499897452795094,0,0,2.0509440981103e-4,0.999852050598518,1,1,SPEAB,AVQ2021,N
2,0.316717916517011,0.886900453977235,0.509194911201161,3,4,1,0.352947017054556,0.200616077424418,0,0,0.598767845151163,0.509194911201161,1,1,ABIPIC,AVQ2021,N
2,0.377676270592995,0.82766410070838,0.66302053318637,5,6,1,0.459570813231484,0.285272474213937,0,0,0.429455051572125,0.66302053318637,1,1,ABLONF,AVQ2021,N
2,0.298013331652543,0.901484746803518,0.464271310465335,7,8,1,0.321808349863918,0.177619996168231,0,0,0.644760007663539,0.464271310465335,1,1,ACQUA,AVQ2021,N
2,0.208129238111769,0.954624207732965,0.266418975637213,1,2,1,0.184667561810603,0.0866336594863479,0,0,0.826732681027304,0.266418975637213,1,1,ABICC,AVQ2021,N
4,0.827608192521674,0.350623330365094,0.819734130512616,1,4,3,1.13639280274716,0.671083311064927,-0.718587345451501,-1.70978350340589,0.105222251913431,0.819734130512616,0.687221727515583,0.991540516473731,ERACQ,AVQ2021,O
1,0,1,0,1,1,0,0,0,0,0,NA,0,1,1,SIACQ,AVQ2021,N
1,0,1,0,2,2,0,0,0,0,0,NA,0,1,1,ACQBRU,AVQ2021,N
1,0,1,0,3,3,0,0,0,0,0,NA,0,1,1,NOACQ,AVQ2021,N
5,0.66509857231889,0.783779634625085,0.457554998871711,1,5,4,0.736406362207874,0.363840122625707,1.01401071848265,-0.997783470086301,0.545199846717867,0.457554998871711,0.922319450841064,0.968177730991074,GODAB,AVQ2021,N
4,0.432258805604857,0.863565585455183,0.334363427968281,1,4,3,0.463526134757144,0.240311072131105,0.716980143755431,-1.71185116574054,0.679585237158526,0.334363427968281,0.980503103274338,0.996534859749545,FARMA,AVQ2021,O
4,0.72761253071856,0.507379871482773,0.728996159033486,1,4,3,1.01060326454618,0.596129156842562,0.0514326717629841,-2.22214981237659,0.205161124209917,0.728996159033486,0.870693247362765,0.990481829944952,PRSOC,AVQ2021,O
4,0.502833562567697,0.812619251266531,0.418007351898327,1,4,3,0.579481234843308,0.314573680617043,0.684301096385999,-1.73744782234192,0.580568425843943,0.418007351898327,0.968550562537009,0.995833059192491,UFFPO,AVQ2021,O
4,0.623255554052389,0.708533456148431,0.556214990967494,1,4,3,0.771077705548588,0.439260089454031,0.55353627960931,-1.85097713880784,0.414319880727959,0.556214990967494,0.947255301883896,0.986687720683378,POLICE,AVQ2021,O
4,0.603880103125897,0.713818891593745,0.547811785056741,1,4,3,0.759428388579181,0.434568410475334,0.56573838795942,-1.83676844333154,0.420575452699555,0.547811785056741,0.945281487817181,0.992916200627234,UFFCOM,AVQ2021,O
4,0.511725511348168,0.816062460249578,0.415870511082384,1,4,3,0.576518944469555,0.309907847605963,0.687519391116587,-1.73517450980466,0.586789536525383,0.415870511082384,0.969471675768143,0.992916200627234,MERCAT,AVQ2021,O
4,0.574609016903807,0.756650656841459,0.500917896741617,1,4,3,0.694419655636939,0.387564008168167,0.63338663109689,-1.7785805524899,0.483247989109111,0.500917896741617,0.95190473057438,0.993771520056144,SMERC,AVQ2021,O
4,0.657088705941982,0.601815908941378,0.588658515133215,1,4,3,0.816053980154384,0.506412441273382,0.215854032889555,-2.19315738839143,0.32478341163549,0.588658515133215,0.963155470754655,0.990525692479768,CRARIF,AVQ2021,O
4,0.705320455645485,0.540232910059872,0.653256687468656,1,4,3,0.905606062201656,0.546484008111276,0.0898507471786683,-2.32922900881427,0.271354655851632,0.653256687468656,0.939689014628155,0.981687391714367,CERACQ,AVQ2021,O
2,0.441277243909741,0.735114152246858,0.834030043812009,1,2,1,0.578105573370581,0.389442670826482,0,0,0.221114658347036,0.834030043812009,1,1,POAPO,AVQ2021,N
6,2.39861132727043,0.537237078997058,0.55990529427865,1,24,23,1.00321561289469,0.561443843042074,0.637048084483772,-1.70179276337736,0.326267388349511,0.55990529427865,0.922298335748474,0.947262108637422,R_CARTA,AVQ2021,N
6,2.25258930616137,0.470366782616353,0.57326652886324,1,24,23,1.02715573148221,0.576556461293443,0.538229219999711,-1.95194583285969,0.308132246447868,0.57326652886324,0.917903218704592,0.944388181938268,R_VETRO,AVQ2021,N
6,2.43561477415413,0.471998406233398,0.71168056643616,1,24,23,1.27516039397758,0.667216599193775,0.602464789754011,-1.45674791669254,0.19934008096747,0.71168056643616,0.762418098105189,0.897202054188065,R_FARM,AVQ2021,N
6,2.2233701753113,0.479734528988724,0.692851056332129,1,24,23,1.24142244094775,0.656536944111438,0.599903129208713,-1.49420221012266,0.212155667066275,0.692851056332129,0.778700168693954,0.917406552428305,R_BAT,AVQ2021,N
6,2.03039166904,0.452324090044669,0.675644044176723,1,24,23,1.21059161398118,0.641541489045983,0.518265687943716,-1.87477184278766,0.230150213144821,0.675644044176723,0.829087612224139,0.926319048250851,R_LATAL,AVQ2021,N
6,1.89125068510141,0.532713164623931,0.565699059400125,1,24,23,1.01359664641358,0.566517514528125,0.632065330000288,-1.70923376775939,0.32017898256625,0.565699059400125,0.916894453751874,0.94700643682215,R_PLAS,AVQ2021,N
6,1.80150674723341,0.51034680550653,0.622342460834478,1,24,23,1.11508799730287,0.603117132102126,0.6270182494359,-1.67075041046109,0.276259441477449,0.622342460834478,0.870477409106954,0.943522767384398,R_RORG,AVQ2021,N
6,2.19188185025183,0.438364682107881,0.775352139896919,1,24,23,1.38924453864654,0.70955737828639,0.559343801696413,-1.2155970479259,0.148531146056332,0.775352139896919,0.660633785614355,0.817658946059381,R_TESSILI,AVQ2021,N
6,1.50076392417675,0.865269903869855,0.309257169677841,1,24,23,0.554114462196939,0.244618115929834,1.34510278365613,-0.109488137849715,0.7064582608842,0.309257169677841,0.929800345082573,0.978210500369731,R_ALT,AVQ2021,N
4,0.62602294130588,0.639434833801286,0.658192455686804,1,4,3,0.91244848985027,0.516004864893657,0.479270555842298,-1.90199502861404,0.311993513475124,0.658192455686804,0.900250581167165,0.98267065181294,SODPOAPO,AVQ2021,O
3,0.568172797297304,0.617518696405465,0.770023068551645,1,3,2,0.845956805668764,0.515690657857597,0.0722551157029413,-2.33333333333333,0.226464013213604,0.770023068551645,0.93089457639757,1,ECOSTAZ,AVQ2021,N
1,0,1,0,1,1,0,0,0,0,0,NA,0,1,1,ECOCAR,AVQ2021,N
1,0,1,0,2,2,0,0,0,0,0,NA,0,1,1,ECOVET,AVQ2021,N
1,0,1,0,3,3,0,0,0,0,0,NA,0,1,1,ECOPLA,AVQ2021,N
1,0,1,0,4,4,0,0,0,0,0,NA,0,1,1,ECOPNE,AVQ2021,N
1,0,1,0,5,5,0,0,0,0,0,NA,0,1,1,ECOMET,AVQ2021,N
1,0,1,0,6,6,0,0,0,0,0,NA,0,1,1,ECOLEG,AVQ2021,N
1,0,1,0,7,7,0,0,0,0,0,NA,0,1,1,ECOFAR,AVQ2021,N
1,0,1,0,8,8,0,0,0,0,0,NA,0,1,1,ECOBAT,AVQ2021,N
1,0,1,0,9,9,0,0,0,0,0,NA,0,1,1,ECOING,AVQ2021,N
1,0,1,0,10,10,0,0,0,0,0,NA,0,1,1,ECOINE,AVQ2021,N
1,0,1,0,11,11,0,0,0,0,0,NA,0,1,1,ECOELE,AVQ2021,N
1,0,1,0,12,12,0,0,0,0,0,NA,0,1,1,ECOOLI,AVQ2021,N
1,0,1,0,13,13,0,0,0,0,0,NA,0,1,1,ECOINF,AVQ2021,N
1,0,1,0,14,14,0,0,0,0,0,NA,0,1,1,ECOPOT,AVQ2021,N
1,0,1,0,15,15,0,0,0,0,0,NA,0,1,1,ECOTESS,AVQ2021,N
1,0,1,0,16,16,0,0,0,0,0,NA,0,1,1,ECOALT,AVQ2021,N
6,1.06755345852675,0.804724739406003,0.418581624408726,1,6,5,0.749997589179197,0.340555460053656,1.33478984226472,-0.126416032336445,0.591333447935613,0.418581624408726,0.88402912367084,0.951966895395736,NOECO,AVQ2021,N
2,0.254082687622172,0.930631401188675,0.363562955673058,1,2,1,0.25200263768082,0.129113192620557,0,0,0.741773614758885,0.363562955673058,1,1,CAMAB,AVQ2021,N
2,0.29872988333543,0.900952066738936,0.465970327816734,1,2,1,0.322986018950763,0.178474880355552,0,0,0.643050239288896,0.465970327816734,1,1,PCAMAB,AVQ2021,N
2,0.362106424107066,0.844792420553984,0.622720281905805,1,2,1,0.431636807680503,0.262236373457049,0,0,0.475527253085901,0.622720281905805,1,1,ASSCA,AVQ2021,N
2,0.211732256685744,0.952957431409961,0.273698620433604,1,2,1,0.1897134270767,0.0896591306609806,0,0,0.820681738678039,0.273698620433604,1,1,COLFAGG,AVQ2021,N
2,0.093135349662822,0.991249424304231,0.0723915061581226,1,2,1,0.0501779683899906,0.0173480062415241,0,0,0.965303987516952,0.0723915061581226,1,1,BABYSAGG,AVQ2021,N
2,0.125175598679863,0.984077899861833,0.117886811867235,1,2,1,0.0817129112709749,0.0313371737307142,0,0,0.937325652538571,0.117886811867235,1,1,ASSANZAGG,AVQ2021,N
38,11.9736126135303,0.25034965034965,0.742087112020245,0,99,99,2.69940580799617,0.892605017360262,3.18450083403168,11.5745520440192,0.0832705227110822,0.742087112020245,0.38041958041958,0.468997668997669,HCOLF,AVQ2021,S
19,12.0588740402181,0.543859649122807,0.636437653245222,0,52,52,1.87395183402445,0.685108761879636,3.52315050580127,11.4450474729194,0.276829640238162,0.636437653245222,0.619047619047619,0.681704260651629,HBABYS,AVQ2021,S
50,23.9915497615328,0.28099173553719,0.771566861071675,0,99,99,3.01838731073837,0.898022296594798,5.22497068255587,30.2452205819593,0.0836507177604097,0.771566861071675,0.355371900826446,0.40771349862259,HASANZ,AVQ2021,S
2,0.338165048829349,0.868302739215299,0.562074623741698,1,2,1,0.38960044071085,0.228706184573015,0,0,0.542587630853971,0.562074623741698,1,1,AVVOC,AVQ2021,N
2,0.296083146323173,0.902910279185034,0.459701748065244,3,4,1,0.318640970569902,0.175326613854076,0,0,0.649346772291848,0.459701748065244,1,1,NOTAIO,AVQ2021,N
2,0.485886893755542,0.617979253021032,0.959456718905252,5,6,1,0.665044719578472,0.472161791713199,0,0,0.0556764165736028,0.959456718905252,1,1,COMMER,AVQ2021,N
1,0,1,0,1,1,0,0,0,0,0,NA,0,1,1,NOMOD,AVQ2021,N
1,0,1,0,2,2,0,0,0,0,0,NA,0,1,1,COMFAM,AVQ2021,N
1,0,1,0,3,3,0,0,0,0,0,NA,0,1,1,NONPAG,AVQ2021,N
1,0,1,0,4,4,0,0,0,0,0,NA,0,1,1,PAGAM,AVQ2021,N
2,0.487904037222304,0.609338333662302,0.965225217819332,1,2,1,0.669043138336829,0.476090257583902,0,0,0.0478194848321958,0.965225217819332,1,1,LAVST,AVQ2021,N
3,0.15198109935912,0.979016700259142,0.0959784420259938,1,3,2,0.105443095856977,0.0411207604440457,0.384386921335361,-2.33333333333333,0.938318859333931,0.0959784420259938,0.999136193492658,1,NLAVST,AVQ2021,S
2,0.112065198371023,0.987279864903393,0.0983294738293922,3,4,1,0.0681567975507861,0.0251166665194624,0,0,0.949766666961075,0.0983294738293922,1,1,LAVATR,AVQ2021,N
2,0.169944484282647,0.970233467356776,0.193219676070103,1,2,1,0.133929673696698,0.0577609723552472,0,0,0.884478055289506,0.193219676070103,1,1,NLAVAT,AVQ2021,S
2,0.398143636445906,0.802465074456653,0.716970465148946,5,6,1,0.496966056462744,0.317029757467863,0,0,0.365940485064274,0.716970465148946,1,1,VIDER,AVQ2021,N
3,0.206791078130563,0.966195930167908,0.144601903300279,1,3,2,0.158861427930484,0.065531997785841,0.38385721050629,-2.33333333333333,0.901702003321239,0.144601903300279,0.996552874457912,1,NVIDERM,AVQ2021,O
2,0.385221122191446,0.818760006140755,0.68278218874609,7,8,1,0.473268549065901,0.296784116970292,0,0,0.406431766059416,0.68278218874609,1,1,VIDEO,AVQ2021,N
4,0.33849020546332,0.947995139732685,0.174953008851988,1,4,3,0.242536369632469,0.0996981673603227,0.747578654490769,-1.6891634648506,0.867069110186237,0.174953008851988,0.986998784933171,0.994289185905225,NVIDEO,AVQ2021,S
2,0.482093927995252,0.632629339649538,0.948631800642649,1,2,1,0.657541458004957,0.464818916528255,0,0,0.0703621669434904,0.948631800642649,1,1,DVD,AVQ2021,N
3,0.28309340554128,0.941109717493878,0.226093308031382,1,3,2,0.248388886588901,0.111709477919564,0.382189788801545,-2.33333333333333,0.832435783120654,0.226093308031382,0.991399390790181,1,NDVDM,AVQ2021,O
2,0.480583369668677,0.638002500164484,0.944328781885163,3,4,1,0.654558832685308,0.461910619896703,0,0,0.0761787602065942,0.944328781885163,1,1,HIFI,AVQ2021,N
3,0.293898962364133,0.933668829200267,0.245338808333454,1,3,2,0.269532229722323,0.124850660734425,0.381029507419672,-2.33333333333333,0.812724008898362,0.245338808333454,0.991450918571515,1,NHIFIM,AVQ2021,O
2,0.139780275926517,0.980064477926179,0.14107836452689199,5,6,1,0.0977880706098232,0.0390761940669297,0,0,0.921847611866141,0.14107836452689199,1,1,TELCOL,AVQ2021,N
6,0.923220124323741,0.403522170807314,0.696472934744398,1,6,5,1.24791197588933,0.675367637533421,0.307509861085647,-1.99715590918137,0.189558834959895,0.696472934744398,0.761265106249158,0.937800440271351,NTELCO,AVQ2021,S
2,0.476146562982064,0.652608724258175,0.931716640096139,7,8,1,0.645816762163424,0.453421154560585,0,0,0.0931576908788306,0.931716640096139,1,1,ANTEPA,AVQ2021,N
2,0.113027573789533,0.987058080808081,0.0997190856847413,1,2,1,0.0691200030903941,0.0255488518390981,0,0,0.948902296321804,0.0997190856847413,1,1,NANTEPA,AVQ2021,S
2,0.498422864864353,0.539750422176898,0.995435991665298,1,2,1,0.689983651050694,0.496839807873517,0,0,0.00632038425296638,0.995435991665298,1,1,CLIMAT,AVQ2021,N
4,0.835507499486325,0.544124654531593,0.772035679153226,1,4,3,1.07026870859348,0.598641228364166,0.306038096546829,-2.04126378421418,0.201811695514445,0.772035679153226,0.844896597731821,0.959830363099209,NCLIMAT,AVQ2021,S
2,0.490881356231242,0.595083009847139,0.973754281022019,3,4,1,0.674955034448589,0.481918442476818,0,0,0.0361631150463646,0.973754281022019,1,1,BIC,AVQ2021,N
6,1.19255645193704,0.371858185302572,0.798434437627954,1,6,5,1.43060246417766,0.723981351347741,0.285473117870046,-1.90281618962947,0.131222378382711,0.798434437627954,0.685965946782634,0.849819414756394,NBIC,AVQ2021,S
2,0.367188366512809,0.839375397504222,0.635801710390313,5,6,1,0.440704162952236,0.269648679137703,0,0,0.460702641724594,0.635801710390313,1,1,MOTOR,AVQ2021,N
4,0.352619718420976,0.891452758055707,0.270768445096498,1,4,3,0.375364768606476,0.195163749444082,0.725501467040165,-1.70538927401379,0.739781667407891,0.270768445096498,0.99194429273621,0.998907700709994,NMOTOR,AVQ2021,S
2,0.302105928285271,0.898414369366406,0.474001866258536,7,8,1,0.328553057177256,0.182531980564739,0,0,0.634936038870523,0.474001866258536,1,1,AMOTO,AVQ2021,N
4,0.425614790808474,0.864205526770294,0.330877252766995,1,4,3,0.458693269733725,0.239028135729222,0.716089675544575,-1.71256457336247,0.681295819027704,0.330877252766995,0.982081174438687,0.996761658031088,NMOTO,AVQ2021,S
2,0.320221804934962,0.884005526679387,0.517736433773282,1,2,1,0.358867549343112,0.205079510959373,0,0,0.589840978081253,0.517736433773282,1,1,AUTO,AVQ2021,N
5,0.758063215711792,0.460305646521782,0.649718360942536,1,5,4,1.04568136250546,0.601658815637996,0.251414754834664,-2.21812131856948,0.247926480452505,0.649718360942536,0.88106579339089,0.976009725116602,NAUTOM,AVQ2021,O
2,0.499337475381069,0.525850947702689,0.998070916079006,1,2,1,0.691810041479045,0.498663457005746,0,0,0.0026730859885087,0.998070916079006,1,1,BOX,AVQ2021,N
8,0.595838944961711,0.771504813729594,0.324227242784663,1,9,8,0.674211597590741,0.368312317635542,1.67077794972455,1.19756669071426,0.579071636987952,0.324227242784663,0.959920468815404,0.990163248221013,NBOX,AVQ2021,S
8,2.01148769643166,0.180911024848126,0.978716442306453,1,8,7,2.03518362765714,0.864085722567003,0.0749160187086033,-1.7983284493243,0.0124734599234254,0.978716442306453,0.349781783889291,0.492510472180187,LIBFAM,AVQ2021,O
2,0.134787864498561,0.981490010307696,0.132990793285219,1,2,1,0.0921821934060797,0.0363347399477902,0,0,0.92733052010442,0.132990793285219,1,1,TELCEL,AVQ2021,N
6,1.1493738334559,0.361450629008111,0.836105879126635,1,6,5,1.4981006262024,0.750355129936976,0.149337599015238,-1.60400758361039,0.0995738440756287,0.836105879126635,0.596317565302885,0.777467432350904,NTELCELM,AVQ2021,O
2,0.27510734098621,0.91751366490491,0.410879922311122,1,2,1,0.284800259698643,0.15136467923534,0,0,0.697270641529319,0.410879922311122,1,1,TELCIN,AVQ2021,N
2,0.414097474595837,0.780226769304998,0.759753212654463,1,2,1,0.526620797272802,0.342945915529767,0,0,0.314108168940467,0.759753212654463,1,1,PC,AVQ2021,N
2,0.454039290179097,0.709410706844749,0.869481259152626,1,2,1,0.602678483331354,0.412294311717565,0,0,0.175411376564869,0.869481259152626,1,1,VGIOC,AVQ2021,N
4,0.468170772880207,0.856396669190008,0.356305880028572,1,4,3,0.49394483231747,0.252486571948739,0.718353365399209,-1.71068438555652,0.663351237401681,0.356305880028572,0.972975018925057,0.994928084784254,NVIGIOC,AVQ2021,S
2,0.32800148057051,0.877382283922188,0.536838891425783,3,4,1,0.372108364006708,0.215165223563346,0,0,0.569669552873307,0.536838891425783,1,1,EBOOK,AVQ2021,N
3,0.422126375320711,0.849552772808587,0.437028210452586,1,3,2,0.480124562497844,0.260571938773877,0.357905410275723,-2.33333333333333,0.609142091839184,0.437028210452586,0.981216457960644,1,NEBOOKM,AVQ2021,O
2,0.480708783127609,0.637565034136061,0.944685848760001,5,6,1,0.654806332582873,0.462151722766289,0,0,0.0756965544674228,0.944685848760001,1,1,FOTODIG,AVQ2021,N
4,0.493466808162144,0.834100545124167,0.392259313285702,1,4,3,0.543786874104729,0.28560156078892,0.705679321480257,-1.72031802394188,0.619197918948106,0.392259313285702,0.967837674136887,0.995578437310721,NFOTODIG,AVQ2021,S
2,0.33246443675137,0.873456587056166,0.547881695673098,1,2,1,0.37976265263621,0.22106035516872,0,0,0.557879289662559,0.547881695673098,1,1,AINTERN,AVQ2021,N
1,0,1,0,1,1,0,0,0,0,0,NA,0,1,1,CIDSLWIFI,AVQ2021,N
1,0,1,0,2,2,0,0,0,0,0,NA,0,1,1,CISFPAL,AVQ2021,N
1,0,1,0,3,3,0,0,0,0,0,NA,0,1,1,CISFMOD,AVQ2021,N
1,0,1,0,4,4,0,0,0,0,0,NA,0,1,1,CIBASTR,AVQ2021,N
5,0.734143506190935,0.612320986029783,0.655848893111549,1,5,4,1.05554807340167,0.558206044239501,0.79069900002501,-1.31303503711536,0.302242444700623,0.655848893111549,0.850713862754129,0.921880825492905,SITE,AVQ2021,O
4,0.564634477890197,0.678772726275852,0.575218840610013,1,4,3,0.797422635147583,0.464205991546165,0.475427920322601,-1.92607774082878,0.381058677938447,0.575218840610013,0.950150229181744,0.984384937605544,RISEC,AVQ2021,O
